<?xml version="1.0" encoding="utf-8"?>
<TextureAtlas imagePath="sleepBubble.png">
	<!-- Created using the Spritesheet and XML generator -->
	<!-- https://uncertainprod.github.io/FNF-Spritesheet-XML-generator-Web -->
	<SubTexture name="bubble0000" x="0" y="0" width="84" height="76" frameX="-21" frameY="-69" frameWidth="103" frameHeight="143"/>
	<SubTexture name="bubble0001" x="0" y="0" width="84" height="76" frameX="-21" frameY="-69" frameWidth="103" frameHeight="143"/>
	<SubTexture name="bubble0002" x="0" y="0" width="84" height="76" frameX="-21" frameY="-69" frameWidth="103" frameHeight="143"/>
	<SubTexture name="bubble0003" x="0" y="0" width="84" height="76" frameX="-21" frameY="-69" frameWidth="103" frameHeight="143"/>
	<SubTexture name="bubble0004" x="84" y="0" width="72" height="66" frameX="2" frameY="-40" frameWidth="103" frameHeight="143"/>
	<SubTexture name="bubble0005" x="84" y="0" width="72" height="66" frameX="2" frameY="-40" frameWidth="103" frameHeight="143"/>
	<SubTexture name="bubble0006" x="84" y="0" width="72" height="66" frameX="2" frameY="-40" frameWidth="103" frameHeight="143"/>
	<SubTexture name="bubble0007" x="84" y="0" width="72" height="66" frameX="2" frameY="-40" frameWidth="103" frameHeight="143"/>
	<SubTexture name="bubble0008" x="0" y="76" width="62" height="55" frameX="-10" frameY="-15" frameWidth="103" frameHeight="143"/>
	<SubTexture name="bubble0009" x="0" y="76" width="62" height="55" frameX="-10" frameY="-15" frameWidth="103" frameHeight="143"/>
	<SubTexture name="bubble0010" x="0" y="76" width="62" height="55" frameX="-10" frameY="-15" frameWidth="103" frameHeight="143"/>
	<SubTexture name="bubble0011" x="0" y="76" width="62" height="55" frameX="-10" frameY="-15" frameWidth="103" frameHeight="143"/>
	<SubTexture name="bubble0012" x="62" y="76" width="43" height="40" frameX="2" frameY="-9" frameWidth="103" frameHeight="143"/>
	<SubTexture name="bubble0013" x="62" y="76" width="43" height="40" frameX="2" frameY="-9" frameWidth="103" frameHeight="143"/>
	<SubTexture name="bubble0014" x="62" y="76" width="43" height="40" frameX="2" frameY="-9" frameWidth="103" frameHeight="143"/>
	<SubTexture name="bubble0015" x="62" y="76" width="43" height="40" frameX="2" frameY="-9" frameWidth="103" frameHeight="143"/>
	<SubTexture name="bubble0016" x="105" y="76" width="32" height="28" frameX="-8" frameY="-3" frameWidth="103" frameHeight="143"/>
	<SubTexture name="bubble0017" x="105" y="76" width="32" height="28" frameX="-8" frameY="-3" frameWidth="103" frameHeight="143"/>
	<SubTexture name="bubble0018" x="105" y="76" width="32" height="28" frameX="-8" frameY="-3" frameWidth="103" frameHeight="143"/>
	<SubTexture name="bubble0019" x="105" y="76" width="32" height="28" frameX="-8" frameY="-3" frameWidth="103" frameHeight="143"/>
	<SubTexture name="bubble0020" x="156" y="54" width="18" height="16" frameX="-7" frameY="-1" frameWidth="103" frameHeight="143"/>
	<SubTexture name="bubble0021" x="156" y="54" width="18" height="16" frameX="-7" frameY="-1" frameWidth="103" frameHeight="143"/>
	<SubTexture name="bubble0022" x="156" y="54" width="18" height="16" frameX="-7" frameY="-1" frameWidth="103" frameHeight="143"/>
	<SubTexture name="bubble0023" x="156" y="54" width="18" height="16" frameX="-7" frameY="-1" frameWidth="103" frameHeight="143"/>
	<SubTexture name="bubble0024" x="156" y="28" width="27" height="26" frameX="-2" frameY="2" frameWidth="103" frameHeight="143"/>
	<SubTexture name="bubble0025" x="156" y="28" width="27" height="26" frameX="-2" frameY="2" frameWidth="103" frameHeight="143"/>
	<SubTexture name="bubble0026" x="156" y="0" width="30" height="28" frameX="-1" frameY="2" frameWidth="103" frameHeight="143"/>
	<SubTexture name="bubble0027" x="156" y="0" width="30" height="28" frameX="-1" frameY="2" frameWidth="103" frameHeight="143"/>
	<SubTexture name="bubble0028" x="174" y="54" width="4" height="4" frameX="0" frameY="0" frameWidth="103" frameHeight="143"/>
	<SubTexture name="bubble0029" x="174" y="54" width="4" height="4" frameX="0" frameY="0" frameWidth="103" frameHeight="143"/>
</TextureAtlas>