<?xml version="1.0" encoding="utf-8"?>
<TextureAtlas imagePath="train.png">
	<!-- Created using the Spritesheet and XML generator -->
	<!-- https://uncertainprod.github.io/FNF-Spritesheet-XML-generator-Web -->
	<SubTexture name="tra0000" x="0" y="111" width="155" height="110" frameX="2" frameY="2" frameWidth="151" frameHeight="107"/>
	<SubTexture name="tra0001" x="0" y="111" width="155" height="110" frameX="2" frameY="2" frameWidth="151" frameHeight="107"/>
	<SubTexture name="tra0002" x="0" y="111" width="155" height="110" frameX="2" frameY="2" frameWidth="151" frameHeight="107"/>
	<SubTexture name="tra0003" x="0" y="0" width="155" height="111" frameX="2" frameY="2" frameWidth="151" frameHeight="107"/>
	<SubTexture name="tra0004" x="0" y="0" width="155" height="111" frameX="2" frameY="2" frameWidth="151" frameHeight="107"/>
	<SubTexture name="tra0005" x="0" y="0" width="155" height="111" frameX="2" frameY="2" frameWidth="151" frameHeight="107"/>
	<SubTexture name="tra0006" x="155" y="0" width="155" height="111" frameX="2" frameY="2" frameWidth="151" frameHeight="107"/>
	<SubTexture name="tra0007" x="155" y="0" width="155" height="111" frameX="2" frameY="2" frameWidth="151" frameHeight="107"/>
	<SubTexture name="tra0008" x="155" y="0" width="155" height="111" frameX="2" frameY="2" frameWidth="151" frameHeight="107"/>
</TextureAtlas>