<?xml version="1.0" encoding="utf-8"?>
<TextureAtlas imagePath="babybf.png">
	<!-- Created using the Spritesheet and XML generator -->
	<!-- https://uncertainprod.github.io/FNF-Spritesheet-XML-generator-Web -->
	<SubTexture name="bend0000" x="580" y="1190" width="194" height="232" frameX="-1" frameY="2" frameWidth="193" frameHeight="228"/>
	<SubTexture name="bend0001" x="580" y="1190" width="194" height="232" frameX="-1" frameY="2" frameWidth="193" frameHeight="228"/>
	<SubTexture name="bend0002" x="1567" y="468" width="189" height="232" frameX="2" frameY="2" frameWidth="193" frameHeight="228"/>
	<SubTexture name="bend0003" x="1567" y="468" width="189" height="232" frameX="2" frameY="2" frameWidth="193" frameHeight="228"/>
	<SubTexture name="bend0004" x="1567" y="468" width="189" height="232" frameX="2" frameY="2" frameWidth="193" frameHeight="228"/>
	<SubTexture name="bend0005" x="1567" y="468" width="189" height="232" frameX="2" frameY="2" frameWidth="193" frameHeight="228"/>
	<SubTexture name="bend0006" x="1567" y="468" width="189" height="232" frameX="2" frameY="2" frameWidth="193" frameHeight="228"/>
	<SubTexture name="bend0007" x="1567" y="468" width="189" height="232" frameX="2" frameY="2" frameWidth="193" frameHeight="228"/>
	<SubTexture name="bend0008" x="1567" y="468" width="189" height="232" frameX="2" frameY="2" frameWidth="193" frameHeight="228"/>
	<SubTexture name="bend0009" x="1567" y="468" width="189" height="232" frameX="2" frameY="2" frameWidth="193" frameHeight="228"/>
	<SubTexture name="bounce0000" x="589" y="955" width="199" height="227" frameX="1" frameY="-7" frameWidth="196" frameHeight="232"/>
	<SubTexture name="bounce0001" x="589" y="955" width="199" height="227" frameX="1" frameY="-7" frameWidth="196" frameHeight="232"/>
	<SubTexture name="bounce0002" x="987" y="955" width="195" height="227" frameX="2" frameY="-7" frameWidth="196" frameHeight="232"/>
	<SubTexture name="bounce0003" x="987" y="955" width="195" height="227" frameX="2" frameY="-7" frameWidth="196" frameHeight="232"/>
	<SubTexture name="bounce0004" x="0" y="1190" width="193" height="234" frameX="2" frameY="0" frameWidth="196" frameHeight="232"/>
	<SubTexture name="bounce0005" x="0" y="1190" width="193" height="234" frameX="2" frameY="0" frameWidth="196" frameHeight="232"/>
	<SubTexture name="bounce0006" x="1375" y="236" width="192" height="236" frameX="1" frameY="2" frameWidth="196" frameHeight="232"/>
	<SubTexture name="bounce0007" x="1375" y="236" width="192" height="236" frameX="1" frameY="2" frameWidth="196" frameHeight="232"/>
	<SubTexture name="bounce0008" x="1375" y="708" width="192" height="236" frameX="1" frameY="2" frameWidth="196" frameHeight="232"/>
	<SubTexture name="bounce0009" x="1375" y="708" width="192" height="236" frameX="1" frameY="2" frameWidth="196" frameHeight="232"/>
	<SubTexture name="crouch0000" x="1145" y="1190" width="176" height="219" frameX="2" frameY="-3" frameWidth="175" frameHeight="220"/>
	<SubTexture name="crouch0001" x="1145" y="1190" width="176" height="219" frameX="2" frameY="-3" frameWidth="175" frameHeight="220"/>
	<SubTexture name="crouch0002" x="987" y="338" width="177" height="223" frameX="0" frameY="2" frameWidth="175" frameHeight="220"/>
	<SubTexture name="crouch0003" x="987" y="338" width="177" height="223" frameX="0" frameY="2" frameWidth="175" frameHeight="220"/>
	<SubTexture name="crouch0004" x="987" y="338" width="177" height="223" frameX="0" frameY="2" frameWidth="175" frameHeight="220"/>
	<SubTexture name="crouch0005" x="987" y="338" width="177" height="223" frameX="0" frameY="2" frameWidth="175" frameHeight="220"/>
	<SubTexture name="crouch0006" x="987" y="338" width="177" height="223" frameX="0" frameY="2" frameWidth="175" frameHeight="220"/>
	<SubTexture name="crouch0007" x="987" y="338" width="177" height="223" frameX="0" frameY="2" frameWidth="175" frameHeight="220"/>
	<SubTexture name="crouch0008" x="987" y="338" width="177" height="223" frameX="0" frameY="2" frameWidth="175" frameHeight="220"/>
	<SubTexture name="crouch0009" x="987" y="338" width="177" height="223" frameX="0" frameY="2" frameWidth="175" frameHeight="220"/>
	<SubTexture name="down0000" x="969" y="1190" width="176" height="219" frameX="2" frameY="-3" frameWidth="175" frameHeight="220"/>
	<SubTexture name="down0001" x="969" y="1190" width="176" height="219" frameX="2" frameY="-3" frameWidth="175" frameHeight="220"/>
	<SubTexture name="down0002" x="1567" y="1152" width="177" height="223" frameX="0" frameY="2" frameWidth="175" frameHeight="220"/>
	<SubTexture name="down0003" x="1567" y="1152" width="177" height="223" frameX="0" frameY="2" frameWidth="175" frameHeight="220"/>
	<SubTexture name="down0004" x="1567" y="1152" width="177" height="223" frameX="0" frameY="2" frameWidth="175" frameHeight="220"/>
	<SubTexture name="down0005" x="1567" y="1152" width="177" height="223" frameX="0" frameY="2" frameWidth="175" frameHeight="220"/>
	<SubTexture name="down0006" x="1567" y="1152" width="177" height="223" frameX="0" frameY="2" frameWidth="175" frameHeight="220"/>
	<SubTexture name="down0007" x="1567" y="1152" width="177" height="223" frameX="0" frameY="2" frameWidth="175" frameHeight="220"/>
	<SubTexture name="down0008" x="1567" y="1152" width="177" height="223" frameX="0" frameY="2" frameWidth="175" frameHeight="220"/>
	<SubTexture name="down0009" x="1567" y="1152" width="177" height="223" frameX="0" frameY="2" frameWidth="175" frameHeight="220"/>
	<SubTexture name="idle0000" x="788" y="955" width="199" height="227" frameX="1" frameY="-7" frameWidth="196" frameHeight="232"/>
	<SubTexture name="idle0001" x="788" y="955" width="199" height="227" frameX="1" frameY="-7" frameWidth="196" frameHeight="232"/>
	<SubTexture name="idle0002" x="774" y="1190" width="195" height="227" frameX="2" frameY="-7" frameWidth="196" frameHeight="232"/>
	<SubTexture name="idle0003" x="774" y="1190" width="195" height="227" frameX="2" frameY="-7" frameWidth="196" frameHeight="232"/>
	<SubTexture name="idle0004" x="193" y="1190" width="193" height="234" frameX="2" frameY="0" frameWidth="196" frameHeight="232"/>
	<SubTexture name="idle0005" x="193" y="1190" width="193" height="234" frameX="2" frameY="0" frameWidth="196" frameHeight="232"/>
	<SubTexture name="idle0006" x="1375" y="472" width="192" height="236" frameX="1" frameY="2" frameWidth="196" frameHeight="232"/>
	<SubTexture name="idle0007" x="1375" y="472" width="192" height="236" frameX="1" frameY="2" frameWidth="196" frameHeight="232"/>
	<SubTexture name="idle0008" x="1375" y="0" width="192" height="236" frameX="1" frameY="2" frameWidth="196" frameHeight="232"/>
	<SubTexture name="idle0009" x="1375" y="0" width="192" height="236" frameX="1" frameY="2" frameWidth="196" frameHeight="232"/>
	<SubTexture name="lean0000" x="197" y="955" width="196" height="234" frameX="2" frameY="2" frameWidth="199" frameHeight="230"/>
	<SubTexture name="lean0001" x="197" y="955" width="196" height="234" frameX="2" frameY="2" frameWidth="199" frameHeight="230"/>
	<SubTexture name="lean0002" x="1168" y="464" width="203" height="234" frameX="2" frameY="2" frameWidth="199" frameHeight="230"/>
	<SubTexture name="lean0003" x="1168" y="464" width="203" height="234" frameX="2" frameY="2" frameWidth="199" frameHeight="230"/>
	<SubTexture name="lean0004" x="1168" y="464" width="203" height="234" frameX="2" frameY="2" frameWidth="199" frameHeight="230"/>
	<SubTexture name="lean0005" x="1168" y="464" width="203" height="234" frameX="2" frameY="2" frameWidth="199" frameHeight="230"/>
	<SubTexture name="lean0006" x="1168" y="464" width="203" height="234" frameX="2" frameY="2" frameWidth="199" frameHeight="230"/>
	<SubTexture name="lean0007" x="1168" y="464" width="203" height="234" frameX="2" frameY="2" frameWidth="199" frameHeight="230"/>
	<SubTexture name="lean0008" x="1168" y="464" width="203" height="234" frameX="2" frameY="2" frameWidth="199" frameHeight="230"/>
	<SubTexture name="lean0009" x="1168" y="464" width="203" height="234" frameX="2" frameY="2" frameWidth="199" frameHeight="230"/>
	<SubTexture name="left0000" x="393" y="955" width="196" height="234" frameX="2" frameY="2" frameWidth="199" frameHeight="230"/>
	<SubTexture name="left0001" x="393" y="955" width="196" height="234" frameX="2" frameY="2" frameWidth="199" frameHeight="230"/>
	<SubTexture name="left0002" x="1168" y="230" width="203" height="234" frameX="2" frameY="2" frameWidth="199" frameHeight="230"/>
	<SubTexture name="left0003" x="1168" y="230" width="203" height="234" frameX="2" frameY="2" frameWidth="199" frameHeight="230"/>
	<SubTexture name="left0004" x="1168" y="230" width="203" height="234" frameX="2" frameY="2" frameWidth="199" frameHeight="230"/>
	<SubTexture name="left0005" x="1168" y="230" width="203" height="234" frameX="2" frameY="2" frameWidth="199" frameHeight="230"/>
	<SubTexture name="left0006" x="1168" y="230" width="203" height="234" frameX="2" frameY="2" frameWidth="199" frameHeight="230"/>
	<SubTexture name="left0007" x="1168" y="230" width="203" height="234" frameX="2" frameY="2" frameWidth="199" frameHeight="230"/>
	<SubTexture name="left0008" x="1168" y="230" width="203" height="234" frameX="2" frameY="2" frameWidth="199" frameHeight="230"/>
	<SubTexture name="left0009" x="1168" y="230" width="203" height="234" frameX="2" frameY="2" frameWidth="199" frameHeight="230"/>
	<SubTexture name="loop0000" x="1375" y="944" width="190" height="236" frameX="2" frameY="2" frameWidth="186" frameHeight="232"/>
	<SubTexture name="loop0001" x="1375" y="944" width="190" height="236" frameX="2" frameY="2" frameWidth="186" frameHeight="232"/>
	<SubTexture name="loop0002" x="1567" y="0" width="190" height="236" frameX="2" frameY="2" frameWidth="186" frameHeight="232"/>
	<SubTexture name="loop0003" x="1567" y="0" width="190" height="236" frameX="2" frameY="2" frameWidth="186" frameHeight="232"/>
	<SubTexture name="md0000" x="1182" y="955" width="179" height="220" frameX="2" frameY="-2" frameWidth="179" frameHeight="220"/>
	<SubTexture name="md0001" x="1182" y="955" width="179" height="220" frameX="2" frameY="-2" frameWidth="179" frameHeight="220"/>
	<SubTexture name="md0002" x="1567" y="932" width="180" height="220" frameX="-1" frameY="2" frameWidth="179" frameHeight="220"/>
	<SubTexture name="md0003" x="1567" y="932" width="180" height="220" frameX="-1" frameY="2" frameWidth="179" frameHeight="220"/>
	<SubTexture name="md0004" x="1567" y="932" width="180" height="220" frameX="-1" frameY="2" frameWidth="179" frameHeight="220"/>
	<SubTexture name="md0005" x="1567" y="932" width="180" height="220" frameX="-1" frameY="2" frameWidth="179" frameHeight="220"/>
	<SubTexture name="md0006" x="1567" y="932" width="180" height="220" frameX="-1" frameY="2" frameWidth="179" frameHeight="220"/>
	<SubTexture name="md0007" x="1567" y="932" width="180" height="220" frameX="-1" frameY="2" frameWidth="179" frameHeight="220"/>
	<SubTexture name="md0008" x="1567" y="932" width="180" height="220" frameX="-1" frameY="2" frameWidth="179" frameHeight="220"/>
	<SubTexture name="md0009" x="1567" y="932" width="180" height="220" frameX="-1" frameY="2" frameWidth="179" frameHeight="220"/>
	<SubTexture name="ml0000" x="1168" y="698" width="200" height="234" frameX="2" frameY="2" frameWidth="204" frameHeight="230"/>
	<SubTexture name="ml0001" x="1168" y="698" width="200" height="234" frameX="2" frameY="2" frameWidth="204" frameHeight="230"/>
	<SubTexture name="ml0002" x="1168" y="0" width="207" height="230" frameX="1" frameY="2" frameWidth="204" frameHeight="230"/>
	<SubTexture name="ml0003" x="1168" y="0" width="207" height="230" frameX="1" frameY="2" frameWidth="204" frameHeight="230"/>
	<SubTexture name="ml0004" x="1168" y="0" width="207" height="230" frameX="1" frameY="2" frameWidth="204" frameHeight="230"/>
	<SubTexture name="ml0005" x="1168" y="0" width="207" height="230" frameX="1" frameY="2" frameWidth="204" frameHeight="230"/>
	<SubTexture name="ml0006" x="1168" y="0" width="207" height="230" frameX="1" frameY="2" frameWidth="204" frameHeight="230"/>
	<SubTexture name="ml0007" x="1168" y="0" width="207" height="230" frameX="1" frameY="2" frameWidth="204" frameHeight="230"/>
	<SubTexture name="ml0008" x="1168" y="0" width="207" height="230" frameX="1" frameY="2" frameWidth="204" frameHeight="230"/>
	<SubTexture name="ml0009" x="1168" y="0" width="207" height="230" frameX="1" frameY="2" frameWidth="204" frameHeight="230"/>
	<SubTexture name="mr0000" x="0" y="955" width="197" height="235" frameX="1" frameY="2" frameWidth="194" frameHeight="233"/>
	<SubTexture name="mr0001" x="0" y="955" width="197" height="235" frameX="1" frameY="2" frameWidth="194" frameHeight="233"/>
	<SubTexture name="mr0002" x="1567" y="236" width="189" height="232" frameX="2" frameY="-3" frameWidth="194" frameHeight="233"/>
	<SubTexture name="mr0003" x="1567" y="236" width="189" height="232" frameX="2" frameY="-3" frameWidth="194" frameHeight="233"/>
	<SubTexture name="mr0004" x="1567" y="236" width="189" height="232" frameX="2" frameY="-3" frameWidth="194" frameHeight="233"/>
	<SubTexture name="mr0005" x="1567" y="236" width="189" height="232" frameX="2" frameY="-3" frameWidth="194" frameHeight="233"/>
	<SubTexture name="mr0006" x="1567" y="236" width="189" height="232" frameX="2" frameY="-3" frameWidth="194" frameHeight="233"/>
	<SubTexture name="mr0007" x="1567" y="236" width="189" height="232" frameX="2" frameY="-3" frameWidth="194" frameHeight="233"/>
	<SubTexture name="mr0008" x="1567" y="236" width="189" height="232" frameX="2" frameY="-3" frameWidth="194" frameHeight="233"/>
	<SubTexture name="mr0009" x="1567" y="236" width="189" height="232" frameX="2" frameY="-3" frameWidth="194" frameHeight="233"/>
	<SubTexture name="mu0000" x="782" y="338" width="205" height="264" frameX="2" frameY="2" frameWidth="201" frameHeight="260"/>
	<SubTexture name="mu0001" x="782" y="338" width="205" height="264" frameX="2" frameY="2" frameWidth="201" frameHeight="260"/>
	<SubTexture name="mu0002" x="404" y="690" width="202" height="260" frameX="-1" frameY="-2" frameWidth="201" frameHeight="260"/>
	<SubTexture name="mu0003" x="404" y="690" width="202" height="260" frameX="-1" frameY="-2" frameWidth="201" frameHeight="260"/>
	<SubTexture name="mu0004" x="404" y="690" width="202" height="260" frameX="-1" frameY="-2" frameWidth="201" frameHeight="260"/>
	<SubTexture name="mu0005" x="404" y="690" width="202" height="260" frameX="-1" frameY="-2" frameWidth="201" frameHeight="260"/>
	<SubTexture name="mu0006" x="404" y="690" width="202" height="260" frameX="-1" frameY="-2" frameWidth="201" frameHeight="260"/>
	<SubTexture name="mu0007" x="404" y="690" width="202" height="260" frameX="-1" frameY="-2" frameWidth="201" frameHeight="260"/>
	<SubTexture name="mu0008" x="404" y="690" width="202" height="260" frameX="-1" frameY="-2" frameWidth="201" frameHeight="260"/>
	<SubTexture name="mu0009" x="404" y="690" width="202" height="260" frameX="-1" frameY="-2" frameWidth="201" frameHeight="260"/>
	<SubTexture name="right0000" x="386" y="1190" width="194" height="232" frameX="-1" frameY="2" frameWidth="193" frameHeight="228"/>
	<SubTexture name="right0001" x="386" y="1190" width="194" height="232" frameX="-1" frameY="2" frameWidth="193" frameHeight="228"/>
	<SubTexture name="right0002" x="1567" y="700" width="189" height="232" frameX="2" frameY="2" frameWidth="193" frameHeight="228"/>
	<SubTexture name="right0003" x="1567" y="700" width="189" height="232" frameX="2" frameY="2" frameWidth="193" frameHeight="228"/>
	<SubTexture name="right0004" x="1567" y="700" width="189" height="232" frameX="2" frameY="2" frameWidth="193" frameHeight="228"/>
	<SubTexture name="right0005" x="1567" y="700" width="189" height="232" frameX="2" frameY="2" frameWidth="193" frameHeight="228"/>
	<SubTexture name="right0006" x="1567" y="700" width="189" height="232" frameX="2" frameY="2" frameWidth="193" frameHeight="228"/>
	<SubTexture name="right0007" x="1567" y="700" width="189" height="232" frameX="2" frameY="2" frameWidth="193" frameHeight="228"/>
	<SubTexture name="right0008" x="1567" y="700" width="189" height="232" frameX="2" frameY="2" frameWidth="193" frameHeight="228"/>
	<SubTexture name="right0009" x="1567" y="700" width="189" height="232" frameX="2" frameY="2" frameWidth="193" frameHeight="228"/>
	<SubTexture name="shleep0000" x="782" y="174" width="370" height="164" frameX="-19" frameY="-5" frameWidth="387" frameHeight="170"/>
	<SubTexture name="shleep0001" x="782" y="174" width="370" height="164" frameX="-19" frameY="-5" frameWidth="387" frameHeight="170"/>
	<SubTexture name="shleep0002" x="782" y="0" width="386" height="174" frameX="-3" frameY="2" frameWidth="387" frameHeight="170"/>
	<SubTexture name="shleep0003" x="782" y="0" width="386" height="174" frameX="-3" frameY="2" frameWidth="387" frameHeight="170"/>
	<SubTexture name="shleep0004" x="391" y="346" width="391" height="172" frameX="2" frameY="0" frameWidth="387" frameHeight="170"/>
	<SubTexture name="shleep0005" x="391" y="346" width="391" height="172" frameX="2" frameY="0" frameWidth="387" frameHeight="170"/>
	<SubTexture name="shleep0006" x="391" y="346" width="391" height="172" frameX="2" frameY="0" frameWidth="387" frameHeight="170"/>
	<SubTexture name="shleep0007" x="0" y="518" width="391" height="172" frameX="2" frameY="0" frameWidth="387" frameHeight="170"/>
	<SubTexture name="shleep0008" x="391" y="0" width="391" height="173" frameX="2" frameY="1" frameWidth="387" frameHeight="170"/>
	<SubTexture name="shleep0009" x="391" y="0" width="391" height="173" frameX="2" frameY="1" frameWidth="387" frameHeight="170"/>
	<SubTexture name="shleep0010" x="391" y="0" width="391" height="173" frameX="2" frameY="1" frameWidth="387" frameHeight="170"/>
	<SubTexture name="shleep0011" x="0" y="173" width="391" height="173" frameX="2" frameY="1" frameWidth="387" frameHeight="170"/>
	<SubTexture name="shleep0012" x="0" y="173" width="391" height="173" frameX="2" frameY="1" frameWidth="387" frameHeight="170"/>
	<SubTexture name="shleep0013" x="391" y="173" width="391" height="173" frameX="2" frameY="1" frameWidth="387" frameHeight="170"/>
	<SubTexture name="shleep0014" x="391" y="173" width="391" height="173" frameX="2" frameY="1" frameWidth="387" frameHeight="170"/>
	<SubTexture name="shleep0015" x="0" y="0" width="391" height="173" frameX="2" frameY="1" frameWidth="387" frameHeight="170"/>
	<SubTexture name="shleep0016" x="0" y="0" width="391" height="173" frameX="2" frameY="1" frameWidth="387" frameHeight="170"/>
	<SubTexture name="shleep0017" x="0" y="0" width="391" height="173" frameX="2" frameY="1" frameWidth="387" frameHeight="170"/>
	<SubTexture name="shleep0018" x="0" y="518" width="391" height="172" frameX="2" frameY="0" frameWidth="387" frameHeight="170"/>
	<SubTexture name="shleep0019" x="0" y="346" width="391" height="172" frameX="2" frameY="0" frameWidth="387" frameHeight="170"/>
	<SubTexture name="shleep0020" x="0" y="518" width="391" height="172" frameX="2" frameY="0" frameWidth="387" frameHeight="170"/>
	<SubTexture name="shleep0021" x="0" y="346" width="391" height="172" frameX="2" frameY="0" frameWidth="387" frameHeight="170"/>
	<SubTexture name="shleep0022" x="0" y="518" width="391" height="172" frameX="2" frameY="0" frameWidth="387" frameHeight="170"/>
	<SubTexture name="shleep0023" x="0" y="346" width="391" height="172" frameX="2" frameY="0" frameWidth="387" frameHeight="170"/>
	<SubTexture name="shleep0024" x="0" y="518" width="391" height="172" frameX="2" frameY="0" frameWidth="387" frameHeight="170"/>
	<SubTexture name="shleep0025" x="0" y="346" width="391" height="172" frameX="2" frameY="0" frameWidth="387" frameHeight="170"/>
	<SubTexture name="shleep0026" x="0" y="518" width="391" height="172" frameX="2" frameY="0" frameWidth="387" frameHeight="170"/>
	<SubTexture name="shleep0027" x="0" y="346" width="391" height="172" frameX="2" frameY="0" frameWidth="387" frameHeight="170"/>
	<SubTexture name="shleep0028" x="0" y="518" width="391" height="172" frameX="2" frameY="0" frameWidth="387" frameHeight="170"/>
	<SubTexture name="shleep0029" x="0" y="346" width="391" height="172" frameX="2" frameY="0" frameWidth="387" frameHeight="170"/>
	<SubTexture name="shleep0030" x="0" y="518" width="391" height="172" frameX="2" frameY="0" frameWidth="387" frameHeight="170"/>
	<SubTexture name="shleep0031" x="0" y="346" width="391" height="172" frameX="2" frameY="0" frameWidth="387" frameHeight="170"/>
	<SubTexture name="shleep0032" x="0" y="518" width="391" height="172" frameX="2" frameY="0" frameWidth="387" frameHeight="170"/>
	<SubTexture name="shleep0033" x="0" y="346" width="391" height="172" frameX="2" frameY="0" frameWidth="387" frameHeight="170"/>
	<SubTexture name="shleep0034" x="0" y="518" width="391" height="172" frameX="2" frameY="0" frameWidth="387" frameHeight="170"/>
	<SubTexture name="shleep0035" x="0" y="346" width="391" height="172" frameX="2" frameY="0" frameWidth="387" frameHeight="170"/>
	<SubTexture name="shleep0036" x="0" y="518" width="391" height="172" frameX="2" frameY="0" frameWidth="387" frameHeight="170"/>
	<SubTexture name="shleep0037" x="0" y="346" width="391" height="172" frameX="2" frameY="0" frameWidth="387" frameHeight="170"/>
	<SubTexture name="shleep0038" x="0" y="518" width="391" height="172" frameX="2" frameY="0" frameWidth="387" frameHeight="170"/>
	<SubTexture name="shleep0039" x="0" y="518" width="391" height="172" frameX="2" frameY="0" frameWidth="387" frameHeight="170"/>
	<SubTexture name="shleep0040" x="0" y="346" width="391" height="172" frameX="2" frameY="0" frameWidth="387" frameHeight="170"/>
	<SubTexture name="shleep0041" x="0" y="346" width="391" height="172" frameX="2" frameY="0" frameWidth="387" frameHeight="170"/>
	<SubTexture name="shleep0042" x="0" y="518" width="391" height="172" frameX="2" frameY="0" frameWidth="387" frameHeight="170"/>
	<SubTexture name="shleep0043" x="0" y="518" width="391" height="172" frameX="2" frameY="0" frameWidth="387" frameHeight="170"/>
	<SubTexture name="shleep0044" x="0" y="346" width="391" height="172" frameX="2" frameY="0" frameWidth="387" frameHeight="170"/>
	<SubTexture name="shleep0045" x="0" y="346" width="391" height="172" frameX="2" frameY="0" frameWidth="387" frameHeight="170"/>
	<SubTexture name="shleep0046" x="0" y="518" width="391" height="172" frameX="2" frameY="0" frameWidth="387" frameHeight="170"/>
	<SubTexture name="shleep0047" x="0" y="518" width="391" height="172" frameX="2" frameY="0" frameWidth="387" frameHeight="170"/>
	<SubTexture name="shleep0048" x="0" y="518" width="391" height="172" frameX="2" frameY="0" frameWidth="387" frameHeight="170"/>
	<SubTexture name="shleep0049" x="391" y="0" width="391" height="173" frameX="2" frameY="1" frameWidth="387" frameHeight="170"/>
	<SubTexture name="shleep0050" x="391" y="0" width="391" height="173" frameX="2" frameY="1" frameWidth="387" frameHeight="170"/>
	<SubTexture name="shleep0051" x="391" y="0" width="391" height="173" frameX="2" frameY="1" frameWidth="387" frameHeight="170"/>
	<SubTexture name="shleep0052" x="0" y="173" width="391" height="173" frameX="2" frameY="1" frameWidth="387" frameHeight="170"/>
	<SubTexture name="shleep0053" x="0" y="173" width="391" height="173" frameX="2" frameY="1" frameWidth="387" frameHeight="170"/>
	<SubTexture name="shleep0054" x="391" y="173" width="391" height="173" frameX="2" frameY="1" frameWidth="387" frameHeight="170"/>
	<SubTexture name="shleep0055" x="391" y="173" width="391" height="173" frameX="2" frameY="1" frameWidth="387" frameHeight="170"/>
	<SubTexture name="shleep0056" x="0" y="0" width="391" height="173" frameX="2" frameY="1" frameWidth="387" frameHeight="170"/>
	<SubTexture name="shleep0057" x="0" y="0" width="391" height="173" frameX="2" frameY="1" frameWidth="387" frameHeight="170"/>
	<SubTexture name="shleep0058" x="0" y="0" width="391" height="173" frameX="2" frameY="1" frameWidth="387" frameHeight="170"/>
	<SubTexture name="shleep0059" x="0" y="518" width="391" height="172" frameX="2" frameY="0" frameWidth="387" frameHeight="170"/>
	<SubTexture name="shleep0060" x="0" y="346" width="391" height="172" frameX="2" frameY="0" frameWidth="387" frameHeight="170"/>
	<SubTexture name="shleep0061" x="0" y="518" width="391" height="172" frameX="2" frameY="0" frameWidth="387" frameHeight="170"/>
	<SubTexture name="shleep0062" x="0" y="346" width="391" height="172" frameX="2" frameY="0" frameWidth="387" frameHeight="170"/>
	<SubTexture name="shleep0063" x="0" y="518" width="391" height="172" frameX="2" frameY="0" frameWidth="387" frameHeight="170"/>
	<SubTexture name="shleep0064" x="0" y="346" width="391" height="172" frameX="2" frameY="0" frameWidth="387" frameHeight="170"/>
	<SubTexture name="shleep0065" x="0" y="518" width="391" height="172" frameX="2" frameY="0" frameWidth="387" frameHeight="170"/>
	<SubTexture name="shleep0066" x="0" y="346" width="391" height="172" frameX="2" frameY="0" frameWidth="387" frameHeight="170"/>
	<SubTexture name="shleep0067" x="0" y="518" width="391" height="172" frameX="2" frameY="0" frameWidth="387" frameHeight="170"/>
	<SubTexture name="shleep0068" x="0" y="346" width="391" height="172" frameX="2" frameY="0" frameWidth="387" frameHeight="170"/>
	<SubTexture name="shleep0069" x="0" y="518" width="391" height="172" frameX="2" frameY="0" frameWidth="387" frameHeight="170"/>
	<SubTexture name="shleep0070" x="0" y="346" width="391" height="172" frameX="2" frameY="0" frameWidth="387" frameHeight="170"/>
	<SubTexture name="shleep0071" x="0" y="518" width="391" height="172" frameX="2" frameY="0" frameWidth="387" frameHeight="170"/>
	<SubTexture name="shleep0072" x="0" y="346" width="391" height="172" frameX="2" frameY="0" frameWidth="387" frameHeight="170"/>
	<SubTexture name="shleep0073" x="0" y="518" width="391" height="172" frameX="2" frameY="0" frameWidth="387" frameHeight="170"/>
	<SubTexture name="shleep0074" x="0" y="346" width="391" height="172" frameX="2" frameY="0" frameWidth="387" frameHeight="170"/>
	<SubTexture name="shleep0075" x="0" y="518" width="391" height="172" frameX="2" frameY="0" frameWidth="387" frameHeight="170"/>
	<SubTexture name="shleep0076" x="0" y="346" width="391" height="172" frameX="2" frameY="0" frameWidth="387" frameHeight="170"/>
	<SubTexture name="shleep0077" x="0" y="518" width="391" height="172" frameX="2" frameY="0" frameWidth="387" frameHeight="170"/>
	<SubTexture name="shleep0078" x="0" y="346" width="391" height="172" frameX="2" frameY="0" frameWidth="387" frameHeight="170"/>
	<SubTexture name="shleep0079" x="0" y="518" width="391" height="172" frameX="2" frameY="0" frameWidth="387" frameHeight="170"/>
	<SubTexture name="shleep0080" x="0" y="346" width="391" height="172" frameX="2" frameY="0" frameWidth="387" frameHeight="170"/>
	<SubTexture name="shleep0081" x="0" y="518" width="391" height="172" frameX="2" frameY="0" frameWidth="387" frameHeight="170"/>
	<SubTexture name="shleep0082" x="0" y="346" width="391" height="172" frameX="2" frameY="0" frameWidth="387" frameHeight="170"/>
	<SubTexture name="shleep0083" x="0" y="518" width="391" height="172" frameX="2" frameY="0" frameWidth="387" frameHeight="170"/>
	<SubTexture name="shleep0084" x="0" y="346" width="391" height="172" frameX="2" frameY="0" frameWidth="387" frameHeight="170"/>
	<SubTexture name="shleep0085" x="0" y="518" width="391" height="172" frameX="2" frameY="0" frameWidth="387" frameHeight="170"/>
	<SubTexture name="shleep0086" x="0" y="346" width="391" height="172" frameX="2" frameY="0" frameWidth="387" frameHeight="170"/>
	<SubTexture name="shleep0087" x="0" y="518" width="391" height="172" frameX="2" frameY="0" frameWidth="387" frameHeight="170"/>
	<SubTexture name="shleep0088" x="0" y="346" width="391" height="172" frameX="2" frameY="0" frameWidth="387" frameHeight="170"/>
	<SubTexture name="shleep0089" x="0" y="518" width="391" height="172" frameX="2" frameY="0" frameWidth="387" frameHeight="170"/>
	<SubTexture name="shleep0090" x="0" y="346" width="391" height="172" frameX="2" frameY="0" frameWidth="387" frameHeight="170"/>
	<SubTexture name="shleep0091" x="0" y="518" width="391" height="172" frameX="2" frameY="0" frameWidth="387" frameHeight="170"/>
	<SubTexture name="shleep0092" x="0" y="346" width="391" height="172" frameX="2" frameY="0" frameWidth="387" frameHeight="170"/>
	<SubTexture name="shleep0093" x="0" y="518" width="391" height="172" frameX="2" frameY="0" frameWidth="387" frameHeight="170"/>
	<SubTexture name="shleep0094" x="0" y="346" width="391" height="172" frameX="2" frameY="0" frameWidth="387" frameHeight="170"/>
	<SubTexture name="shleep0095" x="391" y="0" width="391" height="173" frameX="2" frameY="1" frameWidth="387" frameHeight="170"/>
	<SubTexture name="shleep0096" x="391" y="0" width="391" height="173" frameX="2" frameY="1" frameWidth="387" frameHeight="170"/>
	<SubTexture name="shleep0097" x="391" y="0" width="391" height="173" frameX="2" frameY="1" frameWidth="387" frameHeight="170"/>
	<SubTexture name="shleep0098" x="0" y="173" width="391" height="173" frameX="2" frameY="1" frameWidth="387" frameHeight="170"/>
	<SubTexture name="shleep0099" x="0" y="173" width="391" height="173" frameX="2" frameY="1" frameWidth="387" frameHeight="170"/>
	<SubTexture name="shleep0100" x="391" y="173" width="391" height="173" frameX="2" frameY="1" frameWidth="387" frameHeight="170"/>
	<SubTexture name="shleep0101" x="391" y="173" width="391" height="173" frameX="2" frameY="1" frameWidth="387" frameHeight="170"/>
	<SubTexture name="shleep0102" x="0" y="0" width="391" height="173" frameX="2" frameY="1" frameWidth="387" frameHeight="170"/>
	<SubTexture name="shleep0103" x="0" y="0" width="391" height="173" frameX="2" frameY="1" frameWidth="387" frameHeight="170"/>
	<SubTexture name="shleep0104" x="0" y="0" width="391" height="173" frameX="2" frameY="1" frameWidth="387" frameHeight="170"/>
	<SubTexture name="shleep0105" x="0" y="518" width="391" height="172" frameX="2" frameY="0" frameWidth="387" frameHeight="170"/>
	<SubTexture name="shleep0106" x="0" y="346" width="391" height="172" frameX="2" frameY="0" frameWidth="387" frameHeight="170"/>
	<SubTexture name="shleep0107" x="0" y="518" width="391" height="172" frameX="2" frameY="0" frameWidth="387" frameHeight="170"/>
	<SubTexture name="shleep0108" x="0" y="346" width="391" height="172" frameX="2" frameY="0" frameWidth="387" frameHeight="170"/>
	<SubTexture name="shleep0109" x="0" y="518" width="391" height="172" frameX="2" frameY="0" frameWidth="387" frameHeight="170"/>
	<SubTexture name="shleep0110" x="0" y="346" width="391" height="172" frameX="2" frameY="0" frameWidth="387" frameHeight="170"/>
	<SubTexture name="shleep0111" x="0" y="518" width="391" height="172" frameX="2" frameY="0" frameWidth="387" frameHeight="170"/>
	<SubTexture name="shleep0112" x="0" y="346" width="391" height="172" frameX="2" frameY="0" frameWidth="387" frameHeight="170"/>
	<SubTexture name="shleep0113" x="0" y="518" width="391" height="172" frameX="2" frameY="0" frameWidth="387" frameHeight="170"/>
	<SubTexture name="shleep0114" x="0" y="346" width="391" height="172" frameX="2" frameY="0" frameWidth="387" frameHeight="170"/>
	<SubTexture name="shleep0115" x="0" y="518" width="391" height="172" frameX="2" frameY="0" frameWidth="387" frameHeight="170"/>
	<SubTexture name="shleep0116" x="0" y="346" width="391" height="172" frameX="2" frameY="0" frameWidth="387" frameHeight="170"/>
	<SubTexture name="shleep0117" x="0" y="518" width="391" height="172" frameX="2" frameY="0" frameWidth="387" frameHeight="170"/>
	<SubTexture name="shleep0118" x="0" y="346" width="391" height="172" frameX="2" frameY="0" frameWidth="387" frameHeight="170"/>
	<SubTexture name="shleep0119" x="0" y="518" width="391" height="172" frameX="2" frameY="0" frameWidth="387" frameHeight="170"/>
	<SubTexture name="shleep0120" x="0" y="346" width="391" height="172" frameX="2" frameY="0" frameWidth="387" frameHeight="170"/>
	<SubTexture name="shleep0121" x="0" y="518" width="391" height="172" frameX="2" frameY="0" frameWidth="387" frameHeight="170"/>
	<SubTexture name="shleep0122" x="0" y="346" width="391" height="172" frameX="2" frameY="0" frameWidth="387" frameHeight="170"/>
	<SubTexture name="shleep0123" x="0" y="518" width="391" height="172" frameX="2" frameY="0" frameWidth="387" frameHeight="170"/>
	<SubTexture name="shleep0124" x="0" y="346" width="391" height="172" frameX="2" frameY="0" frameWidth="387" frameHeight="170"/>
	<SubTexture name="shleep0125" x="0" y="518" width="391" height="172" frameX="2" frameY="0" frameWidth="387" frameHeight="170"/>
	<SubTexture name="shleep0126" x="0" y="518" width="391" height="172" frameX="2" frameY="0" frameWidth="387" frameHeight="170"/>
	<SubTexture name="shleep0127" x="0" y="346" width="391" height="172" frameX="2" frameY="0" frameWidth="387" frameHeight="170"/>
	<SubTexture name="shleep0128" x="0" y="346" width="391" height="172" frameX="2" frameY="0" frameWidth="387" frameHeight="170"/>
	<SubTexture name="shleep0129" x="0" y="518" width="391" height="172" frameX="2" frameY="0" frameWidth="387" frameHeight="170"/>
	<SubTexture name="shleep0130" x="0" y="518" width="391" height="172" frameX="2" frameY="0" frameWidth="387" frameHeight="170"/>
	<SubTexture name="shleep0131" x="0" y="346" width="391" height="172" frameX="2" frameY="0" frameWidth="387" frameHeight="170"/>
	<SubTexture name="shleep0132" x="0" y="346" width="391" height="172" frameX="2" frameY="0" frameWidth="387" frameHeight="170"/>
	<SubTexture name="shleep0133" x="0" y="518" width="391" height="172" frameX="2" frameY="0" frameWidth="387" frameHeight="170"/>
	<SubTexture name="shleep0134" x="0" y="518" width="391" height="172" frameX="2" frameY="0" frameWidth="387" frameHeight="170"/>
	<SubTexture name="shleep0135" x="0" y="518" width="391" height="172" frameX="2" frameY="0" frameWidth="387" frameHeight="170"/>
	<SubTexture name="shleep0136" x="391" y="0" width="391" height="173" frameX="2" frameY="1" frameWidth="387" frameHeight="170"/>
	<SubTexture name="shleep0137" x="391" y="0" width="391" height="173" frameX="2" frameY="1" frameWidth="387" frameHeight="170"/>
	<SubTexture name="shleep0138" x="391" y="0" width="391" height="173" frameX="2" frameY="1" frameWidth="387" frameHeight="170"/>
	<SubTexture name="shleep0139" x="0" y="173" width="391" height="173" frameX="2" frameY="1" frameWidth="387" frameHeight="170"/>
	<SubTexture name="shleep0140" x="0" y="173" width="391" height="173" frameX="2" frameY="1" frameWidth="387" frameHeight="170"/>
	<SubTexture name="shleep0141" x="391" y="173" width="391" height="173" frameX="2" frameY="1" frameWidth="387" frameHeight="170"/>
	<SubTexture name="shleep0142" x="391" y="173" width="391" height="173" frameX="2" frameY="1" frameWidth="387" frameHeight="170"/>
	<SubTexture name="shleep0143" x="0" y="0" width="391" height="173" frameX="2" frameY="1" frameWidth="387" frameHeight="170"/>
	<SubTexture name="shleep0144" x="0" y="0" width="391" height="173" frameX="2" frameY="1" frameWidth="387" frameHeight="170"/>
	<SubTexture name="shleep0145" x="0" y="0" width="391" height="173" frameX="2" frameY="1" frameWidth="387" frameHeight="170"/>
	<SubTexture name="shleep0146" x="0" y="518" width="391" height="172" frameX="2" frameY="0" frameWidth="387" frameHeight="170"/>
	<SubTexture name="shleep0147" x="0" y="346" width="391" height="172" frameX="2" frameY="0" frameWidth="387" frameHeight="170"/>
	<SubTexture name="shleep0148" x="0" y="518" width="391" height="172" frameX="2" frameY="0" frameWidth="387" frameHeight="170"/>
	<SubTexture name="shleep0149" x="0" y="346" width="391" height="172" frameX="2" frameY="0" frameWidth="387" frameHeight="170"/>
	<SubTexture name="shleep0150" x="0" y="518" width="391" height="172" frameX="2" frameY="0" frameWidth="387" frameHeight="170"/>
	<SubTexture name="shleep0151" x="0" y="346" width="391" height="172" frameX="2" frameY="0" frameWidth="387" frameHeight="170"/>
	<SubTexture name="shleep0152" x="0" y="518" width="391" height="172" frameX="2" frameY="0" frameWidth="387" frameHeight="170"/>
	<SubTexture name="shleep0153" x="0" y="346" width="391" height="172" frameX="2" frameY="0" frameWidth="387" frameHeight="170"/>
	<SubTexture name="shleep0154" x="0" y="518" width="391" height="172" frameX="2" frameY="0" frameWidth="387" frameHeight="170"/>
	<SubTexture name="shleep0155" x="0" y="346" width="391" height="172" frameX="2" frameY="0" frameWidth="387" frameHeight="170"/>
	<SubTexture name="shleep0156" x="0" y="518" width="391" height="172" frameX="2" frameY="0" frameWidth="387" frameHeight="170"/>
	<SubTexture name="shleep0157" x="0" y="346" width="391" height="172" frameX="2" frameY="0" frameWidth="387" frameHeight="170"/>
	<SubTexture name="shleep0158" x="0" y="518" width="391" height="172" frameX="2" frameY="0" frameWidth="387" frameHeight="170"/>
	<SubTexture name="shleep0159" x="0" y="346" width="391" height="172" frameX="2" frameY="0" frameWidth="387" frameHeight="170"/>
	<SubTexture name="shleep0160" x="0" y="518" width="391" height="172" frameX="2" frameY="0" frameWidth="387" frameHeight="170"/>
	<SubTexture name="shleep0161" x="0" y="346" width="391" height="172" frameX="2" frameY="0" frameWidth="387" frameHeight="170"/>
	<SubTexture name="shleep0162" x="0" y="518" width="391" height="172" frameX="2" frameY="0" frameWidth="387" frameHeight="170"/>
	<SubTexture name="shleep0163" x="0" y="346" width="391" height="172" frameX="2" frameY="0" frameWidth="387" frameHeight="170"/>
	<SubTexture name="shleep0164" x="0" y="518" width="391" height="172" frameX="2" frameY="0" frameWidth="387" frameHeight="170"/>
	<SubTexture name="shleep0165" x="0" y="346" width="391" height="172" frameX="2" frameY="0" frameWidth="387" frameHeight="170"/>
	<SubTexture name="shleep0166" x="0" y="518" width="391" height="172" frameX="2" frameY="0" frameWidth="387" frameHeight="170"/>
	<SubTexture name="shleep0167" x="0" y="346" width="391" height="172" frameX="2" frameY="0" frameWidth="387" frameHeight="170"/>
	<SubTexture name="shleep0168" x="0" y="518" width="391" height="172" frameX="2" frameY="0" frameWidth="387" frameHeight="170"/>
	<SubTexture name="shleep0169" x="0" y="346" width="391" height="172" frameX="2" frameY="0" frameWidth="387" frameHeight="170"/>
	<SubTexture name="shleep0170" x="0" y="518" width="391" height="172" frameX="2" frameY="0" frameWidth="387" frameHeight="170"/>
	<SubTexture name="shleep0171" x="0" y="346" width="391" height="172" frameX="2" frameY="0" frameWidth="387" frameHeight="170"/>
	<SubTexture name="shleep0172" x="0" y="518" width="391" height="172" frameX="2" frameY="0" frameWidth="387" frameHeight="170"/>
	<SubTexture name="shleep0173" x="0" y="346" width="391" height="172" frameX="2" frameY="0" frameWidth="387" frameHeight="170"/>
	<SubTexture name="shleep0174" x="0" y="518" width="391" height="172" frameX="2" frameY="0" frameWidth="387" frameHeight="170"/>
	<SubTexture name="shleep0175" x="0" y="346" width="391" height="172" frameX="2" frameY="0" frameWidth="387" frameHeight="170"/>
	<SubTexture name="shleep0176" x="0" y="518" width="391" height="172" frameX="2" frameY="0" frameWidth="387" frameHeight="170"/>
	<SubTexture name="shleep0177" x="0" y="346" width="391" height="172" frameX="2" frameY="0" frameWidth="387" frameHeight="170"/>
	<SubTexture name="shleep0178" x="0" y="518" width="391" height="172" frameX="2" frameY="0" frameWidth="387" frameHeight="170"/>
	<SubTexture name="shleep0179" x="0" y="518" width="391" height="172" frameX="2" frameY="0" frameWidth="387" frameHeight="170"/>
	<SubTexture name="shleep0180" x="0" y="518" width="391" height="172" frameX="2" frameY="0" frameWidth="387" frameHeight="170"/>
	<SubTexture name="shleep0181" x="0" y="518" width="391" height="172" frameX="2" frameY="0" frameWidth="387" frameHeight="170"/>
	<SubTexture name="shleep0182" x="0" y="518" width="391" height="172" frameX="2" frameY="0" frameWidth="387" frameHeight="170"/>
	<SubTexture name="shleep0183" x="0" y="518" width="391" height="172" frameX="2" frameY="0" frameWidth="387" frameHeight="170"/>
	<SubTexture name="shleep0184" x="0" y="518" width="391" height="172" frameX="2" frameY="0" frameWidth="387" frameHeight="170"/>
	<SubTexture name="shleep0185" x="0" y="518" width="391" height="172" frameX="2" frameY="0" frameWidth="387" frameHeight="170"/>
	<SubTexture name="shleep0186" x="0" y="518" width="391" height="172" frameX="2" frameY="0" frameWidth="387" frameHeight="170"/>
	<SubTexture name="shleep0187" x="0" y="518" width="391" height="172" frameX="2" frameY="0" frameWidth="387" frameHeight="170"/>
	<SubTexture name="shleep0188" x="0" y="518" width="391" height="172" frameX="2" frameY="0" frameWidth="387" frameHeight="170"/>
	<SubTexture name="shleep0189" x="0" y="518" width="391" height="172" frameX="2" frameY="0" frameWidth="387" frameHeight="170"/>
	<SubTexture name="shleep0190" x="0" y="518" width="391" height="172" frameX="2" frameY="0" frameWidth="387" frameHeight="170"/>
	<SubTexture name="shleep0191" x="0" y="518" width="391" height="172" frameX="2" frameY="0" frameWidth="387" frameHeight="170"/>
	<SubTexture name="shleep0192" x="0" y="518" width="391" height="172" frameX="2" frameY="0" frameWidth="387" frameHeight="170"/>
	<SubTexture name="shleep0193" x="0" y="518" width="391" height="172" frameX="2" frameY="0" frameWidth="387" frameHeight="170"/>
	<SubTexture name="shleep0194" x="0" y="518" width="391" height="172" frameX="2" frameY="0" frameWidth="387" frameHeight="170"/>
	<SubTexture name="shleep0195" x="0" y="518" width="391" height="172" frameX="2" frameY="0" frameWidth="387" frameHeight="170"/>
	<SubTexture name="shleep0196" x="0" y="518" width="391" height="172" frameX="2" frameY="0" frameWidth="387" frameHeight="170"/>
	<SubTexture name="shleep0197" x="0" y="518" width="391" height="172" frameX="2" frameY="0" frameWidth="387" frameHeight="170"/>
	<SubTexture name="shleep0198" x="0" y="518" width="391" height="172" frameX="2" frameY="0" frameWidth="387" frameHeight="170"/>
	<SubTexture name="shleep0199" x="0" y="518" width="391" height="172" frameX="2" frameY="0" frameWidth="387" frameHeight="170"/>
	<SubTexture name="shleep0200" x="0" y="518" width="391" height="172" frameX="2" frameY="0" frameWidth="387" frameHeight="170"/>
	<SubTexture name="shleep0201" x="0" y="518" width="391" height="172" frameX="2" frameY="0" frameWidth="387" frameHeight="170"/>
	<SubTexture name="shleep0202" x="0" y="518" width="391" height="172" frameX="2" frameY="0" frameWidth="387" frameHeight="170"/>
	<SubTexture name="shleep0203" x="0" y="518" width="391" height="172" frameX="2" frameY="0" frameWidth="387" frameHeight="170"/>
	<SubTexture name="shleep0204" x="0" y="518" width="391" height="172" frameX="2" frameY="0" frameWidth="387" frameHeight="170"/>
	<SubTexture name="shleep0205" x="0" y="518" width="391" height="172" frameX="2" frameY="0" frameWidth="387" frameHeight="170"/>
	<SubTexture name="shleep0206" x="0" y="518" width="391" height="172" frameX="2" frameY="0" frameWidth="387" frameHeight="170"/>
	<SubTexture name="shleep0207" x="0" y="518" width="391" height="172" frameX="2" frameY="0" frameWidth="387" frameHeight="170"/>
	<SubTexture name="shleep0208" x="0" y="518" width="391" height="172" frameX="2" frameY="0" frameWidth="387" frameHeight="170"/>
	<SubTexture name="shleep0209" x="0" y="518" width="391" height="172" frameX="2" frameY="0" frameWidth="387" frameHeight="170"/>
	<SubTexture name="shleep0210" x="0" y="518" width="391" height="172" frameX="2" frameY="0" frameWidth="387" frameHeight="170"/>
	<SubTexture name="shleep0211" x="0" y="518" width="391" height="172" frameX="2" frameY="0" frameWidth="387" frameHeight="170"/>
	<SubTexture name="shleep0212" x="0" y="518" width="391" height="172" frameX="2" frameY="0" frameWidth="387" frameHeight="170"/>
	<SubTexture name="shleep0213" x="0" y="518" width="391" height="172" frameX="2" frameY="0" frameWidth="387" frameHeight="170"/>
	<SubTexture name="shleep0214" x="0" y="518" width="391" height="172" frameX="2" frameY="0" frameWidth="387" frameHeight="170"/>
	<SubTexture name="shleep0215" x="0" y="518" width="391" height="172" frameX="2" frameY="0" frameWidth="387" frameHeight="170"/>
	<SubTexture name="shleep0216" x="0" y="518" width="391" height="172" frameX="2" frameY="0" frameWidth="387" frameHeight="170"/>
	<SubTexture name="shleep0217" x="0" y="518" width="391" height="172" frameX="2" frameY="0" frameWidth="387" frameHeight="170"/>
	<SubTexture name="shleep0218" x="0" y="518" width="391" height="172" frameX="2" frameY="0" frameWidth="387" frameHeight="170"/>
	<SubTexture name="shleep0219" x="0" y="518" width="391" height="172" frameX="2" frameY="0" frameWidth="387" frameHeight="170"/>
	<SubTexture name="shleep0220" x="0" y="518" width="391" height="172" frameX="2" frameY="0" frameWidth="387" frameHeight="170"/>
	<SubTexture name="shleep0221" x="0" y="518" width="391" height="172" frameX="2" frameY="0" frameWidth="387" frameHeight="170"/>
	<SubTexture name="shleep0222" x="0" y="518" width="391" height="172" frameX="2" frameY="0" frameWidth="387" frameHeight="170"/>
	<SubTexture name="shleep0223" x="0" y="518" width="391" height="172" frameX="2" frameY="0" frameWidth="387" frameHeight="170"/>
	<SubTexture name="shleep0224" x="0" y="518" width="391" height="172" frameX="2" frameY="0" frameWidth="387" frameHeight="170"/>
	<SubTexture name="shleep0225" x="0" y="518" width="391" height="172" frameX="2" frameY="0" frameWidth="387" frameHeight="170"/>
	<SubTexture name="shleep0226" x="0" y="518" width="391" height="172" frameX="2" frameY="0" frameWidth="387" frameHeight="170"/>
	<SubTexture name="shleep0227" x="0" y="518" width="391" height="172" frameX="2" frameY="0" frameWidth="387" frameHeight="170"/>
	<SubTexture name="shleep0228" x="0" y="518" width="391" height="172" frameX="2" frameY="0" frameWidth="387" frameHeight="170"/>
	<SubTexture name="shleep0229" x="0" y="518" width="391" height="172" frameX="2" frameY="0" frameWidth="387" frameHeight="170"/>
	<SubTexture name="shleep0230" x="0" y="518" width="391" height="172" frameX="2" frameY="0" frameWidth="387" frameHeight="170"/>
	<SubTexture name="shleep0231" x="0" y="518" width="391" height="172" frameX="2" frameY="0" frameWidth="387" frameHeight="170"/>
	<SubTexture name="shleep0232" x="0" y="518" width="391" height="172" frameX="2" frameY="0" frameWidth="387" frameHeight="170"/>
	<SubTexture name="shleep0233" x="0" y="518" width="391" height="172" frameX="2" frameY="0" frameWidth="387" frameHeight="170"/>
	<SubTexture name="shleep0234" x="0" y="518" width="391" height="172" frameX="2" frameY="0" frameWidth="387" frameHeight="170"/>
	<SubTexture name="shleep0235" x="0" y="518" width="391" height="172" frameX="2" frameY="0" frameWidth="387" frameHeight="170"/>
	<SubTexture name="shleep0236" x="0" y="518" width="391" height="172" frameX="2" frameY="0" frameWidth="387" frameHeight="170"/>
	<SubTexture name="shleep0237" x="0" y="518" width="391" height="172" frameX="2" frameY="0" frameWidth="387" frameHeight="170"/>
	<SubTexture name="shleep0238" x="0" y="518" width="391" height="172" frameX="2" frameY="0" frameWidth="387" frameHeight="170"/>
	<SubTexture name="shleep0239" x="0" y="518" width="391" height="172" frameX="2" frameY="0" frameWidth="387" frameHeight="170"/>
	<SubTexture name="shleep0240" x="0" y="518" width="391" height="172" frameX="2" frameY="0" frameWidth="387" frameHeight="170"/>
	<SubTexture name="shleep0241" x="0" y="518" width="391" height="172" frameX="2" frameY="0" frameWidth="387" frameHeight="170"/>
	<SubTexture name="shleep0242" x="0" y="518" width="391" height="172" frameX="2" frameY="0" frameWidth="387" frameHeight="170"/>
	<SubTexture name="shleep0243" x="0" y="518" width="391" height="172" frameX="2" frameY="0" frameWidth="387" frameHeight="170"/>
	<SubTexture name="shleep0244" x="0" y="518" width="391" height="172" frameX="2" frameY="0" frameWidth="387" frameHeight="170"/>
	<SubTexture name="shleep0245" x="0" y="518" width="391" height="172" frameX="2" frameY="0" frameWidth="387" frameHeight="170"/>
	<SubTexture name="shleep0246" x="0" y="518" width="391" height="172" frameX="2" frameY="0" frameWidth="387" frameHeight="170"/>
	<SubTexture name="shleep0247" x="0" y="518" width="391" height="172" frameX="2" frameY="0" frameWidth="387" frameHeight="170"/>
	<SubTexture name="shleep0248" x="0" y="518" width="391" height="172" frameX="2" frameY="0" frameWidth="387" frameHeight="170"/>
	<SubTexture name="shleep0249" x="0" y="518" width="391" height="172" frameX="2" frameY="0" frameWidth="387" frameHeight="170"/>
	<SubTexture name="shleep0250" x="0" y="518" width="391" height="172" frameX="2" frameY="0" frameWidth="387" frameHeight="170"/>
	<SubTexture name="shleep0251" x="0" y="518" width="391" height="172" frameX="2" frameY="0" frameWidth="387" frameHeight="170"/>
	<SubTexture name="shleep0252" x="0" y="518" width="391" height="172" frameX="2" frameY="0" frameWidth="387" frameHeight="170"/>
	<SubTexture name="shleep0253" x="0" y="518" width="391" height="172" frameX="2" frameY="0" frameWidth="387" frameHeight="170"/>
	<SubTexture name="shleep0254" x="0" y="518" width="391" height="172" frameX="2" frameY="0" frameWidth="387" frameHeight="170"/>
	<SubTexture name="shleep0255" x="0" y="518" width="391" height="172" frameX="2" frameY="0" frameWidth="387" frameHeight="170"/>
	<SubTexture name="shleep0256" x="0" y="518" width="391" height="172" frameX="2" frameY="0" frameWidth="387" frameHeight="170"/>
	<SubTexture name="shleep0257" x="0" y="518" width="391" height="172" frameX="2" frameY="0" frameWidth="387" frameHeight="170"/>
	<SubTexture name="shleep0258" x="0" y="518" width="391" height="172" frameX="2" frameY="0" frameWidth="387" frameHeight="170"/>
	<SubTexture name="shleep0259" x="0" y="518" width="391" height="172" frameX="2" frameY="0" frameWidth="387" frameHeight="170"/>
	<SubTexture name="shleep0260" x="0" y="518" width="391" height="172" frameX="2" frameY="0" frameWidth="387" frameHeight="170"/>
	<SubTexture name="shleep0261" x="0" y="518" width="391" height="172" frameX="2" frameY="0" frameWidth="387" frameHeight="170"/>
	<SubTexture name="shleep0262" x="0" y="518" width="391" height="172" frameX="2" frameY="0" frameWidth="387" frameHeight="170"/>
	<SubTexture name="shleep0263" x="0" y="518" width="391" height="172" frameX="2" frameY="0" frameWidth="387" frameHeight="170"/>
	<SubTexture name="shleep0264" x="0" y="518" width="391" height="172" frameX="2" frameY="0" frameWidth="387" frameHeight="170"/>
	<SubTexture name="shleep0265" x="0" y="518" width="391" height="172" frameX="2" frameY="0" frameWidth="387" frameHeight="170"/>
	<SubTexture name="shleep0266" x="0" y="518" width="391" height="172" frameX="2" frameY="0" frameWidth="387" frameHeight="170"/>
	<SubTexture name="shleep0267" x="0" y="518" width="391" height="172" frameX="2" frameY="0" frameWidth="387" frameHeight="170"/>
	<SubTexture name="shleep0268" x="0" y="518" width="391" height="172" frameX="2" frameY="0" frameWidth="387" frameHeight="170"/>
	<SubTexture name="shleep0269" x="0" y="518" width="391" height="172" frameX="2" frameY="0" frameWidth="387" frameHeight="170"/>
	<SubTexture name="shleep0270" x="0" y="518" width="391" height="172" frameX="2" frameY="0" frameWidth="387" frameHeight="170"/>
	<SubTexture name="shleep0271" x="0" y="518" width="391" height="172" frameX="2" frameY="0" frameWidth="387" frameHeight="170"/>
	<SubTexture name="shleep0272" x="0" y="518" width="391" height="172" frameX="2" frameY="0" frameWidth="387" frameHeight="170"/>
	<SubTexture name="shleep0273" x="0" y="518" width="391" height="172" frameX="2" frameY="0" frameWidth="387" frameHeight="170"/>
	<SubTexture name="shleep0274" x="0" y="518" width="391" height="172" frameX="2" frameY="0" frameWidth="387" frameHeight="170"/>
	<SubTexture name="shleep0275" x="0" y="518" width="391" height="172" frameX="2" frameY="0" frameWidth="387" frameHeight="170"/>
	<SubTexture name="shleep0276" x="0" y="518" width="391" height="172" frameX="2" frameY="0" frameWidth="387" frameHeight="170"/>
	<SubTexture name="shleep0277" x="0" y="518" width="391" height="172" frameX="2" frameY="0" frameWidth="387" frameHeight="170"/>
	<SubTexture name="shleep0278" x="0" y="518" width="391" height="172" frameX="2" frameY="0" frameWidth="387" frameHeight="170"/>
	<SubTexture name="shleep0279" x="0" y="518" width="391" height="172" frameX="2" frameY="0" frameWidth="387" frameHeight="170"/>
	<SubTexture name="shleep0280" x="0" y="518" width="391" height="172" frameX="2" frameY="0" frameWidth="387" frameHeight="170"/>
	<SubTexture name="shleep0281" x="0" y="518" width="391" height="172" frameX="2" frameY="0" frameWidth="387" frameHeight="170"/>
	<SubTexture name="shleep0282" x="0" y="518" width="391" height="172" frameX="2" frameY="0" frameWidth="387" frameHeight="170"/>
	<SubTexture name="shleep0283" x="0" y="518" width="391" height="172" frameX="2" frameY="0" frameWidth="387" frameHeight="170"/>
	<SubTexture name="shleep0284" x="0" y="518" width="391" height="172" frameX="2" frameY="0" frameWidth="387" frameHeight="170"/>
	<SubTexture name="shleep0285" x="0" y="518" width="391" height="172" frameX="2" frameY="0" frameWidth="387" frameHeight="170"/>
	<SubTexture name="shleep0286" x="0" y="518" width="391" height="172" frameX="2" frameY="0" frameWidth="387" frameHeight="170"/>
	<SubTexture name="shleep0287" x="0" y="518" width="391" height="172" frameX="2" frameY="0" frameWidth="387" frameHeight="170"/>
	<SubTexture name="shleep0288" x="0" y="518" width="391" height="172" frameX="2" frameY="0" frameWidth="387" frameHeight="170"/>
	<SubTexture name="shleep0289" x="0" y="518" width="391" height="172" frameX="2" frameY="0" frameWidth="387" frameHeight="170"/>
	<SubTexture name="shleep0290" x="0" y="518" width="391" height="172" frameX="2" frameY="0" frameWidth="387" frameHeight="170"/>
	<SubTexture name="shleep0291" x="0" y="518" width="391" height="172" frameX="2" frameY="0" frameWidth="387" frameHeight="170"/>
	<SubTexture name="shleep0292" x="0" y="518" width="391" height="172" frameX="2" frameY="0" frameWidth="387" frameHeight="170"/>
	<SubTexture name="shleep0293" x="0" y="518" width="391" height="172" frameX="2" frameY="0" frameWidth="387" frameHeight="170"/>
	<SubTexture name="shleep0294" x="0" y="518" width="391" height="172" frameX="2" frameY="0" frameWidth="387" frameHeight="170"/>
	<SubTexture name="shleep0295" x="0" y="518" width="391" height="172" frameX="2" frameY="0" frameWidth="387" frameHeight="170"/>
	<SubTexture name="shleep0296" x="0" y="518" width="391" height="172" frameX="2" frameY="0" frameWidth="387" frameHeight="170"/>
	<SubTexture name="shleep0297" x="0" y="518" width="391" height="172" frameX="2" frameY="0" frameWidth="387" frameHeight="170"/>
	<SubTexture name="shleep0298" x="0" y="518" width="391" height="172" frameX="2" frameY="0" frameWidth="387" frameHeight="170"/>
	<SubTexture name="shleep0299" x="0" y="518" width="391" height="172" frameX="2" frameY="0" frameWidth="387" frameHeight="170"/>
	<SubTexture name="shleep0300" x="0" y="518" width="391" height="172" frameX="2" frameY="0" frameWidth="387" frameHeight="170"/>
	<SubTexture name="shleep0301" x="0" y="518" width="391" height="172" frameX="2" frameY="0" frameWidth="387" frameHeight="170"/>
	<SubTexture name="shleep0302" x="0" y="518" width="391" height="172" frameX="2" frameY="0" frameWidth="387" frameHeight="170"/>
	<SubTexture name="shleep0303" x="0" y="518" width="391" height="172" frameX="2" frameY="0" frameWidth="387" frameHeight="170"/>
	<SubTexture name="shleep0304" x="0" y="518" width="391" height="172" frameX="2" frameY="0" frameWidth="387" frameHeight="170"/>
	<SubTexture name="shleep0305" x="0" y="518" width="391" height="172" frameX="2" frameY="0" frameWidth="387" frameHeight="170"/>
	<SubTexture name="shleep0306" x="0" y="518" width="391" height="172" frameX="2" frameY="0" frameWidth="387" frameHeight="170"/>
	<SubTexture name="shleep0307" x="0" y="518" width="391" height="172" frameX="2" frameY="0" frameWidth="387" frameHeight="170"/>
	<SubTexture name="shleep0308" x="0" y="518" width="391" height="172" frameX="2" frameY="0" frameWidth="387" frameHeight="170"/>
	<SubTexture name="shleep0309" x="0" y="518" width="391" height="172" frameX="2" frameY="0" frameWidth="387" frameHeight="170"/>
	<SubTexture name="shleep0310" x="0" y="518" width="391" height="172" frameX="2" frameY="0" frameWidth="387" frameHeight="170"/>
	<SubTexture name="shleep0311" x="0" y="518" width="391" height="172" frameX="2" frameY="0" frameWidth="387" frameHeight="170"/>
	<SubTexture name="shleep0312" x="0" y="518" width="391" height="172" frameX="2" frameY="0" frameWidth="387" frameHeight="170"/>
	<SubTexture name="shleep0313" x="0" y="518" width="391" height="172" frameX="2" frameY="0" frameWidth="387" frameHeight="170"/>
	<SubTexture name="shleep0314" x="0" y="518" width="391" height="172" frameX="2" frameY="0" frameWidth="387" frameHeight="170"/>
	<SubTexture name="shleep0315" x="0" y="518" width="391" height="172" frameX="2" frameY="0" frameWidth="387" frameHeight="170"/>
	<SubTexture name="shleep0316" x="0" y="518" width="391" height="172" frameX="2" frameY="0" frameWidth="387" frameHeight="170"/>
	<SubTexture name="shleep0317" x="0" y="518" width="391" height="172" frameX="2" frameY="0" frameWidth="387" frameHeight="170"/>
	<SubTexture name="shleep0318" x="0" y="518" width="391" height="172" frameX="2" frameY="0" frameWidth="387" frameHeight="170"/>
	<SubTexture name="shleep0319" x="0" y="518" width="391" height="172" frameX="2" frameY="0" frameWidth="387" frameHeight="170"/>
	<SubTexture name="shleep0320" x="0" y="518" width="391" height="172" frameX="2" frameY="0" frameWidth="387" frameHeight="170"/>
	<SubTexture name="shleep0321" x="0" y="518" width="391" height="172" frameX="2" frameY="0" frameWidth="387" frameHeight="170"/>
	<SubTexture name="shleep0322" x="0" y="518" width="391" height="172" frameX="2" frameY="0" frameWidth="387" frameHeight="170"/>
	<SubTexture name="shleep0323" x="0" y="518" width="391" height="172" frameX="2" frameY="0" frameWidth="387" frameHeight="170"/>
	<SubTexture name="shleep0324" x="0" y="518" width="391" height="172" frameX="2" frameY="0" frameWidth="387" frameHeight="170"/>
	<SubTexture name="shleep0325" x="0" y="518" width="391" height="172" frameX="2" frameY="0" frameWidth="387" frameHeight="170"/>
	<SubTexture name="shleep0326" x="0" y="518" width="391" height="172" frameX="2" frameY="0" frameWidth="387" frameHeight="170"/>
	<SubTexture name="shleep0327" x="0" y="518" width="391" height="172" frameX="2" frameY="0" frameWidth="387" frameHeight="170"/>
	<SubTexture name="shleep0328" x="0" y="518" width="391" height="172" frameX="2" frameY="0" frameWidth="387" frameHeight="170"/>
	<SubTexture name="shleep0329" x="0" y="518" width="391" height="172" frameX="2" frameY="0" frameWidth="387" frameHeight="170"/>
	<SubTexture name="shleep0330" x="0" y="518" width="391" height="172" frameX="2" frameY="0" frameWidth="387" frameHeight="170"/>
	<SubTexture name="shleep0331" x="0" y="518" width="391" height="172" frameX="2" frameY="0" frameWidth="387" frameHeight="170"/>
	<SubTexture name="shleep0332" x="0" y="518" width="391" height="172" frameX="2" frameY="0" frameWidth="387" frameHeight="170"/>
	<SubTexture name="shleep0333" x="0" y="518" width="391" height="172" frameX="2" frameY="0" frameWidth="387" frameHeight="170"/>
	<SubTexture name="shleep0334" x="0" y="518" width="391" height="172" frameX="2" frameY="0" frameWidth="387" frameHeight="170"/>
	<SubTexture name="shleep0335" x="0" y="518" width="391" height="172" frameX="2" frameY="0" frameWidth="387" frameHeight="170"/>
	<SubTexture name="shleep0336" x="0" y="518" width="391" height="172" frameX="2" frameY="0" frameWidth="387" frameHeight="170"/>
	<SubTexture name="shleep0337" x="0" y="518" width="391" height="172" frameX="2" frameY="0" frameWidth="387" frameHeight="170"/>
	<SubTexture name="shleep0338" x="0" y="518" width="391" height="172" frameX="2" frameY="0" frameWidth="387" frameHeight="170"/>
	<SubTexture name="shleep0339" x="0" y="518" width="391" height="172" frameX="2" frameY="0" frameWidth="387" frameHeight="170"/>
	<SubTexture name="shleep0340" x="0" y="518" width="391" height="172" frameX="2" frameY="0" frameWidth="387" frameHeight="170"/>
	<SubTexture name="shleep0341" x="0" y="518" width="391" height="172" frameX="2" frameY="0" frameWidth="387" frameHeight="170"/>
	<SubTexture name="shleep0342" x="0" y="518" width="391" height="172" frameX="2" frameY="0" frameWidth="387" frameHeight="170"/>
	<SubTexture name="shleep0343" x="0" y="518" width="391" height="172" frameX="2" frameY="0" frameWidth="387" frameHeight="170"/>
	<SubTexture name="shleep0344" x="0" y="518" width="391" height="172" frameX="2" frameY="0" frameWidth="387" frameHeight="170"/>
	<SubTexture name="shleep0345" x="0" y="518" width="391" height="172" frameX="2" frameY="0" frameWidth="387" frameHeight="170"/>
	<SubTexture name="shleep0346" x="0" y="518" width="391" height="172" frameX="2" frameY="0" frameWidth="387" frameHeight="170"/>
	<SubTexture name="shleep0347" x="0" y="518" width="391" height="172" frameX="2" frameY="0" frameWidth="387" frameHeight="170"/>
	<SubTexture name="shleep0348" x="0" y="518" width="391" height="172" frameX="2" frameY="0" frameWidth="387" frameHeight="170"/>
	<SubTexture name="shleep0349" x="0" y="518" width="391" height="172" frameX="2" frameY="0" frameWidth="387" frameHeight="170"/>
	<SubTexture name="shleep0350" x="0" y="518" width="391" height="172" frameX="2" frameY="0" frameWidth="387" frameHeight="170"/>
	<SubTexture name="shleep0351" x="0" y="518" width="391" height="172" frameX="2" frameY="0" frameWidth="387" frameHeight="170"/>
	<SubTexture name="shleep0352" x="0" y="518" width="391" height="172" frameX="2" frameY="0" frameWidth="387" frameHeight="170"/>
	<SubTexture name="shleep0353" x="0" y="518" width="391" height="172" frameX="2" frameY="0" frameWidth="387" frameHeight="170"/>
	<SubTexture name="shleep0354" x="0" y="518" width="391" height="172" frameX="2" frameY="0" frameWidth="387" frameHeight="170"/>
	<SubTexture name="shleep0355" x="0" y="518" width="391" height="172" frameX="2" frameY="0" frameWidth="387" frameHeight="170"/>
	<SubTexture name="shleep0356" x="0" y="518" width="391" height="172" frameX="2" frameY="0" frameWidth="387" frameHeight="170"/>
	<SubTexture name="shleep0357" x="0" y="518" width="391" height="172" frameX="2" frameY="0" frameWidth="387" frameHeight="170"/>
	<SubTexture name="shleep0358" x="0" y="518" width="391" height="172" frameX="2" frameY="0" frameWidth="387" frameHeight="170"/>
	<SubTexture name="shleep0359" x="0" y="518" width="391" height="172" frameX="2" frameY="0" frameWidth="387" frameHeight="170"/>
	<SubTexture name="shleep0360" x="0" y="518" width="391" height="172" frameX="2" frameY="0" frameWidth="387" frameHeight="170"/>
	<SubTexture name="shleep0361" x="0" y="518" width="391" height="172" frameX="2" frameY="0" frameWidth="387" frameHeight="170"/>
	<SubTexture name="shleep0362" x="0" y="518" width="391" height="172" frameX="2" frameY="0" frameWidth="387" frameHeight="170"/>
	<SubTexture name="shleep0363" x="0" y="518" width="391" height="172" frameX="2" frameY="0" frameWidth="387" frameHeight="170"/>
	<SubTexture name="shleep0364" x="0" y="518" width="391" height="172" frameX="2" frameY="0" frameWidth="387" frameHeight="170"/>
	<SubTexture name="shleep0365" x="0" y="518" width="391" height="172" frameX="2" frameY="0" frameWidth="387" frameHeight="170"/>
	<SubTexture name="shleep0366" x="0" y="518" width="391" height="172" frameX="2" frameY="0" frameWidth="387" frameHeight="170"/>
	<SubTexture name="shleep0367" x="0" y="518" width="391" height="172" frameX="2" frameY="0" frameWidth="387" frameHeight="170"/>
	<SubTexture name="shleep0368" x="0" y="518" width="391" height="172" frameX="2" frameY="0" frameWidth="387" frameHeight="170"/>
	<SubTexture name="shleep0369" x="0" y="518" width="391" height="172" frameX="2" frameY="0" frameWidth="387" frameHeight="170"/>
	<SubTexture name="shleep0370" x="0" y="518" width="391" height="172" frameX="2" frameY="0" frameWidth="387" frameHeight="170"/>
	<SubTexture name="shleep0371" x="0" y="518" width="391" height="172" frameX="2" frameY="0" frameWidth="387" frameHeight="170"/>
	<SubTexture name="shleep0372" x="0" y="518" width="391" height="172" frameX="2" frameY="0" frameWidth="387" frameHeight="170"/>
	<SubTexture name="shleep0373" x="0" y="518" width="391" height="172" frameX="2" frameY="0" frameWidth="387" frameHeight="170"/>
	<SubTexture name="shleep0374" x="0" y="518" width="391" height="172" frameX="2" frameY="0" frameWidth="387" frameHeight="170"/>
	<SubTexture name="shleep0375" x="1747" y="932" width="4" height="4" frameX="0" frameY="0" frameWidth="1" frameHeight="1"/>
	<SubTexture name="shleep0376" x="1747" y="932" width="4" height="4" frameX="0" frameY="0" frameWidth="1" frameHeight="1"/>
	<SubTexture name="shleep0377" x="1747" y="932" width="4" height="4" frameX="0" frameY="0" frameWidth="1" frameHeight="1"/>
	<SubTexture name="shleep0378" x="1747" y="932" width="4" height="4" frameX="0" frameY="0" frameWidth="1" frameHeight="1"/>
	<SubTexture name="shleep0379" x="1747" y="932" width="4" height="4" frameX="0" frameY="0" frameWidth="1" frameHeight="1"/>
	<SubTexture name="shleep0380" x="1747" y="932" width="4" height="4" frameX="0" frameY="0" frameWidth="1" frameHeight="1"/>
	<SubTexture name="shleep0381" x="1747" y="932" width="4" height="4" frameX="0" frameY="0" frameWidth="1" frameHeight="1"/>
	<SubTexture name="shleep0382" x="1747" y="932" width="4" height="4" frameX="0" frameY="0" frameWidth="1" frameHeight="1"/>
	<SubTexture name="shleep0383" x="1747" y="932" width="4" height="4" frameX="0" frameY="0" frameWidth="1" frameHeight="1"/>
	<SubTexture name="shleep0384" x="1747" y="932" width="4" height="4" frameX="0" frameY="0" frameWidth="1" frameHeight="1"/>
	<SubTexture name="shleep0385" x="1747" y="932" width="4" height="4" frameX="0" frameY="0" frameWidth="1" frameHeight="1"/>
	<SubTexture name="shleep0386" x="1747" y="932" width="4" height="4" frameX="0" frameY="0" frameWidth="1" frameHeight="1"/>
	<SubTexture name="shleep0387" x="1747" y="932" width="4" height="4" frameX="0" frameY="0" frameWidth="1" frameHeight="1"/>
	<SubTexture name="shleep0388" x="1747" y="932" width="4" height="4" frameX="0" frameY="0" frameWidth="1" frameHeight="1"/>
	<SubTexture name="shleep0389" x="1747" y="932" width="4" height="4" frameX="0" frameY="0" frameWidth="1" frameHeight="1"/>
	<SubTexture name="shleep0390" x="1747" y="932" width="4" height="4" frameX="0" frameY="0" frameWidth="1" frameHeight="1"/>
	<SubTexture name="shleep0391" x="1747" y="932" width="4" height="4" frameX="0" frameY="0" frameWidth="1" frameHeight="1"/>
	<SubTexture name="shleep0392" x="1747" y="932" width="4" height="4" frameX="0" frameY="0" frameWidth="1" frameHeight="1"/>
	<SubTexture name="shleep0393" x="1747" y="932" width="4" height="4" frameX="0" frameY="0" frameWidth="1" frameHeight="1"/>
	<SubTexture name="shleep0394" x="1747" y="932" width="4" height="4" frameX="0" frameY="0" frameWidth="1" frameHeight="1"/>
	<SubTexture name="shleep0395" x="1747" y="932" width="4" height="4" frameX="0" frameY="0" frameWidth="1" frameHeight="1"/>
	<SubTexture name="shleep0396" x="1747" y="932" width="4" height="4" frameX="0" frameY="0" frameWidth="1" frameHeight="1"/>
	<SubTexture name="shleep0397" x="1747" y="932" width="4" height="4" frameX="0" frameY="0" frameWidth="1" frameHeight="1"/>
	<SubTexture name="shleep0398" x="1747" y="932" width="4" height="4" frameX="0" frameY="0" frameWidth="1" frameHeight="1"/>
	<SubTexture name="toes0000" x="202" y="690" width="202" height="265" frameX="2" frameY="2" frameWidth="198" frameHeight="261"/>
	<SubTexture name="toes0001" x="202" y="690" width="202" height="265" frameX="2" frameY="2" frameWidth="198" frameHeight="261"/>
	<SubTexture name="toes0002" x="805" y="690" width="199" height="260" frameX="-1" frameY="-3" frameWidth="198" frameHeight="261"/>
	<SubTexture name="toes0003" x="805" y="690" width="199" height="260" frameX="-1" frameY="-3" frameWidth="198" frameHeight="261"/>
	<SubTexture name="toes0004" x="805" y="690" width="199" height="260" frameX="-1" frameY="-3" frameWidth="198" frameHeight="261"/>
	<SubTexture name="toes0005" x="805" y="690" width="199" height="260" frameX="-1" frameY="-3" frameWidth="198" frameHeight="261"/>
	<SubTexture name="toes0006" x="805" y="690" width="199" height="260" frameX="-1" frameY="-3" frameWidth="198" frameHeight="261"/>
	<SubTexture name="toes0007" x="805" y="690" width="199" height="260" frameX="-1" frameY="-3" frameWidth="198" frameHeight="261"/>
	<SubTexture name="toes0008" x="805" y="690" width="199" height="260" frameX="-1" frameY="-3" frameWidth="198" frameHeight="261"/>
	<SubTexture name="toes0009" x="805" y="690" width="199" height="260" frameX="-1" frameY="-3" frameWidth="198" frameHeight="261"/>
	<SubTexture name="up0000" x="0" y="690" width="202" height="265" frameX="2" frameY="2" frameWidth="198" frameHeight="261"/>
	<SubTexture name="up0001" x="0" y="690" width="202" height="265" frameX="2" frameY="2" frameWidth="198" frameHeight="261"/>
	<SubTexture name="up0002" x="606" y="690" width="199" height="260" frameX="-1" frameY="-3" frameWidth="198" frameHeight="261"/>
	<SubTexture name="up0003" x="606" y="690" width="199" height="260" frameX="-1" frameY="-3" frameWidth="198" frameHeight="261"/>
	<SubTexture name="up0004" x="606" y="690" width="199" height="260" frameX="-1" frameY="-3" frameWidth="198" frameHeight="261"/>
	<SubTexture name="up0005" x="606" y="690" width="199" height="260" frameX="-1" frameY="-3" frameWidth="198" frameHeight="261"/>
	<SubTexture name="up0006" x="606" y="690" width="199" height="260" frameX="-1" frameY="-3" frameWidth="198" frameHeight="261"/>
	<SubTexture name="up0007" x="606" y="690" width="199" height="260" frameX="-1" frameY="-3" frameWidth="198" frameHeight="261"/>
	<SubTexture name="up0008" x="606" y="690" width="199" height="260" frameX="-1" frameY="-3" frameWidth="198" frameHeight="261"/>
	<SubTexture name="up0009" x="606" y="690" width="199" height="260" frameX="-1" frameY="-3" frameWidth="198" frameHeight="261"/>
</TextureAtlas>