﻿<?xml version="1.0" encoding="utf-8"?>
<TextureAtlas imagePath="babygf.png">
	<!-- Created with Adobe Animate version 22.0.7.214 -->
	<!-- http://www.adobe.com/products/animate.html -->
	<SubTexture name="idle0000" x="44" y="44" width="330" height="327" frameX="-4" frameY="-14" frameWidth="334" frameHeight="341"/>
	<SubTexture name="idle0001" x="44" y="44" width="330" height="327" frameX="-4" frameY="-14" frameWidth="334" frameHeight="341"/>
	<SubTexture name="idle0002" x="407" y="44" width="320" height="334" frameX="-9" frameY="-7" frameWidth="334" frameHeight="341"/>
	<SubTexture name="idle0003" x="407" y="44" width="320" height="334" frameX="-9" frameY="-7" frameWidth="334" frameHeight="341"/>
	<SubTexture name="idle0004" x="760" y="44" width="311" height="340" frameX="-12" frameY="-1" frameWidth="334" frameHeight="341"/>
	<SubTexture name="idle0005" x="760" y="44" width="311" height="340" frameX="-12" frameY="-1" frameWidth="334" frameHeight="341"/>
	<SubTexture name="idle0006" x="1104" y="44" width="309" height="341" frameX="-12" frameY="0" frameWidth="334" frameHeight="341"/>
	<SubTexture name="idle0007" x="1104" y="44" width="309" height="341" frameX="-12" frameY="0" frameWidth="334" frameHeight="341"/>
	<SubTexture name="idle0008" x="1104" y="44" width="309" height="341" frameX="-12" frameY="0" frameWidth="334" frameHeight="341"/>
	<SubTexture name="idle0009" x="1104" y="44" width="309" height="341" frameX="-12" frameY="0" frameWidth="334" frameHeight="341"/>
	<SubTexture name="idle0010" x="44" y="418" width="327" height="326" frameX="0" frameY="-15" frameWidth="334" frameHeight="341"/>
	<SubTexture name="idle0011" x="44" y="418" width="327" height="326" frameX="0" frameY="-15" frameWidth="334" frameHeight="341"/>
	<SubTexture name="idle0012" x="404" y="418" width="318" height="329" frameX="-7" frameY="-12" frameWidth="334" frameHeight="341"/>
	<SubTexture name="idle0013" x="404" y="418" width="318" height="329" frameX="-7" frameY="-12" frameWidth="334" frameHeight="341"/>
	<SubTexture name="idle0014" x="755" y="418" width="311" height="340" frameX="-11" frameY="-1" frameWidth="334" frameHeight="341"/>
	<SubTexture name="idle0015" x="755" y="418" width="311" height="340" frameX="-11" frameY="-1" frameWidth="334" frameHeight="341"/>
	<SubTexture name="idle0016" x="1099" y="418" width="309" height="341" frameX="-12" frameY="0" frameWidth="334" frameHeight="341"/>
	<SubTexture name="idle0017" x="1099" y="418" width="309" height="341" frameX="-12" frameY="0" frameWidth="334" frameHeight="341"/>
	<SubTexture name="idle0018" x="1099" y="418" width="309" height="341" frameX="-12" frameY="0" frameWidth="334" frameHeight="341"/>
	<SubTexture name="idle0019" x="1099" y="418" width="309" height="341" frameX="-12" frameY="0" frameWidth="334" frameHeight="341"/>
</TextureAtlas>
