<?xml version="1.0" encoding="utf-8"?>
<TextureAtlas imagePath="babypico.png">
	<!-- Created using the Spritesheet and XML generator -->
	<!-- https://uncertainprod.github.io/FNF-Spritesheet-XML-generator-Web -->
	<SubTexture name="bend0000" x="1707" y="1253" width="225" height="251" frameX="1" frameY="2" frameWidth="222" frameHeight="247"/>
	<SubTexture name="bend0001" x="1707" y="1253" width="225" height="251" frameX="1" frameY="2" frameWidth="222" frameHeight="247"/>
	<SubTexture name="bend0002" x="0" y="1615" width="214" height="251" frameX="2" frameY="2" frameWidth="222" frameHeight="247"/>
	<SubTexture name="bend0003" x="0" y="1615" width="214" height="251" frameX="2" frameY="2" frameWidth="222" frameHeight="247"/>
	<SubTexture name="bend0004" x="0" y="1615" width="214" height="251" frameX="2" frameY="2" frameWidth="222" frameHeight="247"/>
	<SubTexture name="bend0005" x="0" y="1615" width="214" height="251" frameX="2" frameY="2" frameWidth="222" frameHeight="247"/>
	<SubTexture name="bend0006" x="0" y="1615" width="214" height="251" frameX="2" frameY="2" frameWidth="222" frameHeight="247"/>
	<SubTexture name="bend0007" x="0" y="1615" width="214" height="251" frameX="2" frameY="2" frameWidth="222" frameHeight="247"/>
	<SubTexture name="bend0008" x="0" y="1615" width="214" height="251" frameX="2" frameY="2" frameWidth="222" frameHeight="247"/>
	<SubTexture name="bend0009" x="0" y="1615" width="214" height="251" frameX="2" frameY="2" frameWidth="222" frameHeight="247"/>
	<SubTexture name="bend0010" x="0" y="1615" width="214" height="251" frameX="2" frameY="2" frameWidth="222" frameHeight="247"/>
	<SubTexture name="bend0011" x="0" y="1615" width="214" height="251" frameX="2" frameY="2" frameWidth="222" frameHeight="247"/>
	<SubTexture name="bend0012" x="0" y="1615" width="214" height="251" frameX="2" frameY="2" frameWidth="222" frameHeight="247"/>
	<SubTexture name="bend0013" x="0" y="1615" width="214" height="251" frameX="2" frameY="2" frameWidth="222" frameHeight="247"/>
	<SubTexture name="bend0014" x="0" y="1615" width="214" height="251" frameX="2" frameY="2" frameWidth="222" frameHeight="247"/>
	<SubTexture name="bounce0000" x="1340" y="1364" width="218" height="239" frameX="-3" frameY="-10" frameWidth="226" frameHeight="247"/>
	<SubTexture name="bounce0001" x="1340" y="1364" width="218" height="239" frameX="-3" frameY="-10" frameWidth="226" frameHeight="247"/>
	<SubTexture name="bounce0002" x="901" y="1364" width="221" height="243" frameX="-7" frameY="-6" frameWidth="226" frameHeight="247"/>
	<SubTexture name="bounce0003" x="901" y="1364" width="221" height="243" frameX="-7" frameY="-6" frameWidth="226" frameHeight="247"/>
	<SubTexture name="bounce0004" x="1707" y="0" width="226" height="250" frameX="0" frameY="1" frameWidth="226" frameHeight="247"/>
	<SubTexture name="bounce0005" x="1707" y="0" width="226" height="250" frameX="0" frameY="1" frameWidth="226" frameHeight="247"/>
	<SubTexture name="bounce0006" x="0" y="1364" width="226" height="251" frameX="2" frameY="2" frameWidth="226" frameHeight="247"/>
	<SubTexture name="bounce0007" x="0" y="1364" width="226" height="251" frameX="2" frameY="2" frameWidth="226" frameHeight="247"/>
	<SubTexture name="bounce0008" x="1138" y="1086" width="226" height="251" frameX="2" frameY="2" frameWidth="226" frameHeight="247"/>
	<SubTexture name="bounce0009" x="1138" y="1086" width="226" height="251" frameX="2" frameY="2" frameWidth="226" frameHeight="247"/>
	<SubTexture name="crouch0000" x="853" y="849" width="289" height="230" frameX="2" frameY="-6" frameWidth="285" frameHeight="234"/>
	<SubTexture name="crouch0001" x="853" y="849" width="289" height="230" frameX="2" frameY="-6" frameWidth="285" frameHeight="234"/>
	<SubTexture name="crouch0002" x="282" y="849" width="282" height="237" frameX="-3" frameY="2" frameWidth="285" frameHeight="234"/>
	<SubTexture name="crouch0003" x="282" y="849" width="282" height="237" frameX="-3" frameY="2" frameWidth="285" frameHeight="234"/>
	<SubTexture name="crouch0004" x="282" y="849" width="282" height="237" frameX="-3" frameY="2" frameWidth="285" frameHeight="234"/>
	<SubTexture name="crouch0005" x="282" y="849" width="282" height="237" frameX="-3" frameY="2" frameWidth="285" frameHeight="234"/>
	<SubTexture name="crouch0006" x="282" y="849" width="282" height="237" frameX="-3" frameY="2" frameWidth="285" frameHeight="234"/>
	<SubTexture name="crouch0007" x="282" y="849" width="282" height="237" frameX="-3" frameY="2" frameWidth="285" frameHeight="234"/>
	<SubTexture name="crouch0008" x="282" y="849" width="282" height="237" frameX="-3" frameY="2" frameWidth="285" frameHeight="234"/>
	<SubTexture name="crouch0009" x="282" y="849" width="282" height="237" frameX="-3" frameY="2" frameWidth="285" frameHeight="234"/>
	<SubTexture name="crouch0010" x="282" y="849" width="282" height="237" frameX="-3" frameY="2" frameWidth="285" frameHeight="234"/>
	<SubTexture name="crouch0011" x="282" y="849" width="282" height="237" frameX="-3" frameY="2" frameWidth="285" frameHeight="234"/>
	<SubTexture name="crouch0012" x="282" y="849" width="282" height="237" frameX="-3" frameY="2" frameWidth="285" frameHeight="234"/>
	<SubTexture name="crouch0013" x="282" y="849" width="282" height="237" frameX="-3" frameY="2" frameWidth="285" frameHeight="234"/>
	<SubTexture name="crouch0014" x="282" y="849" width="282" height="237" frameX="-3" frameY="2" frameWidth="285" frameHeight="234"/>
	<SubTexture name="down0000" x="564" y="849" width="289" height="230" frameX="2" frameY="-6" frameWidth="285" frameHeight="234"/>
	<SubTexture name="down0001" x="564" y="849" width="289" height="230" frameX="2" frameY="-6" frameWidth="285" frameHeight="234"/>
	<SubTexture name="down0002" x="0" y="849" width="282" height="237" frameX="-3" frameY="2" frameWidth="285" frameHeight="234"/>
	<SubTexture name="down0003" x="0" y="849" width="282" height="237" frameX="-3" frameY="2" frameWidth="285" frameHeight="234"/>
	<SubTexture name="down0004" x="0" y="849" width="282" height="237" frameX="-3" frameY="2" frameWidth="285" frameHeight="234"/>
	<SubTexture name="down0005" x="0" y="849" width="282" height="237" frameX="-3" frameY="2" frameWidth="285" frameHeight="234"/>
	<SubTexture name="down0006" x="0" y="849" width="282" height="237" frameX="-3" frameY="2" frameWidth="285" frameHeight="234"/>
	<SubTexture name="down0007" x="0" y="849" width="282" height="237" frameX="-3" frameY="2" frameWidth="285" frameHeight="234"/>
	<SubTexture name="down0008" x="0" y="849" width="282" height="237" frameX="-3" frameY="2" frameWidth="285" frameHeight="234"/>
	<SubTexture name="down0009" x="0" y="849" width="282" height="237" frameX="-3" frameY="2" frameWidth="285" frameHeight="234"/>
	<SubTexture name="down0010" x="0" y="849" width="282" height="237" frameX="-3" frameY="2" frameWidth="285" frameHeight="234"/>
	<SubTexture name="down0011" x="0" y="849" width="282" height="237" frameX="-3" frameY="2" frameWidth="285" frameHeight="234"/>
	<SubTexture name="down0012" x="0" y="849" width="282" height="237" frameX="-3" frameY="2" frameWidth="285" frameHeight="234"/>
	<SubTexture name="down0013" x="0" y="849" width="282" height="237" frameX="-3" frameY="2" frameWidth="285" frameHeight="234"/>
	<SubTexture name="down0014" x="0" y="849" width="282" height="237" frameX="-3" frameY="2" frameWidth="285" frameHeight="234"/>
	<SubTexture name="idle0000" x="1122" y="1364" width="218" height="239" frameX="-3" frameY="-10" frameWidth="226" frameHeight="247"/>
	<SubTexture name="idle0001" x="1122" y="1364" width="218" height="239" frameX="-3" frameY="-10" frameWidth="226" frameHeight="247"/>
	<SubTexture name="idle0002" x="680" y="1364" width="221" height="243" frameX="-7" frameY="-6" frameWidth="226" frameHeight="247"/>
	<SubTexture name="idle0003" x="680" y="1364" width="221" height="243" frameX="-7" frameY="-6" frameWidth="226" frameHeight="247"/>
	<SubTexture name="idle0004" x="1707" y="250" width="226" height="250" frameX="0" frameY="1" frameWidth="226" frameHeight="247"/>
	<SubTexture name="idle0005" x="1707" y="250" width="226" height="250" frameX="0" frameY="1" frameWidth="226" frameHeight="247"/>
	<SubTexture name="idle0006" x="1246" y="830" width="226" height="251" frameX="2" frameY="2" frameWidth="226" frameHeight="247"/>
	<SubTexture name="idle0007" x="1246" y="830" width="226" height="251" frameX="2" frameY="2" frameWidth="226" frameHeight="247"/>
	<SubTexture name="idle0008" x="226" y="1364" width="226" height="251" frameX="2" frameY="2" frameWidth="226" frameHeight="247"/>
	<SubTexture name="idle0009" x="226" y="1364" width="226" height="251" frameX="2" frameY="2" frameWidth="226" frameHeight="247"/>
	<SubTexture name="lauh0000" x="1456" y="1615" width="198" height="233" frameX="-31" frameY="-17" frameWidth="254" frameHeight="282"/>
	<SubTexture name="lauh0001" x="1258" y="1615" width="198" height="243" frameX="-31" frameY="-7" frameWidth="254" frameHeight="282"/>
	<SubTexture name="lauh0002" x="1058" y="1615" width="200" height="243" frameX="-30" frameY="-7" frameWidth="254" frameHeight="282"/>
	<SubTexture name="lauh0003" x="858" y="1615" width="200" height="245" frameX="-30" frameY="-5" frameWidth="254" frameHeight="282"/>
	<SubTexture name="lauh0004" x="1479" y="0" width="228" height="279" frameX="-28" frameY="-5" frameWidth="254" frameHeight="282"/>
	<SubTexture name="lauh0005" x="456" y="1086" width="228" height="267" frameX="-28" frameY="-17" frameWidth="254" frameHeight="282"/>
	<SubTexture name="lauh0006" x="911" y="1086" width="227" height="267" frameX="-28" frameY="-17" frameWidth="254" frameHeight="282"/>
	<SubTexture name="lauh0007" x="229" y="1086" width="227" height="277" frameX="-28" frameY="-7" frameWidth="254" frameHeight="282"/>
	<SubTexture name="lauh0008" x="1479" y="837" width="227" height="277" frameX="-28" frameY="-7" frameWidth="254" frameHeight="282"/>
	<SubTexture name="lauh0009" x="684" y="1086" width="227" height="267" frameX="-28" frameY="-17" frameWidth="254" frameHeight="282"/>
	<SubTexture name="lauh0010" x="684" y="1086" width="227" height="267" frameX="-28" frameY="-17" frameWidth="254" frameHeight="282"/>
	<SubTexture name="lauh0011" x="1479" y="837" width="227" height="277" frameX="-28" frameY="-7" frameWidth="254" frameHeight="282"/>
	<SubTexture name="lauh0012" x="1479" y="837" width="227" height="277" frameX="-28" frameY="-7" frameWidth="254" frameHeight="282"/>
	<SubTexture name="lauh0013" x="1479" y="279" width="227" height="279" frameX="-28" frameY="-5" frameWidth="254" frameHeight="282"/>
	<SubTexture name="lauh0014" x="684" y="1086" width="227" height="267" frameX="-28" frameY="-17" frameWidth="254" frameHeight="282"/>
	<SubTexture name="lauh0015" x="684" y="1086" width="227" height="267" frameX="-28" frameY="-17" frameWidth="254" frameHeight="282"/>
	<SubTexture name="lauh0016" x="1479" y="837" width="227" height="277" frameX="-28" frameY="-7" frameWidth="254" frameHeight="282"/>
	<SubTexture name="lauh0017" x="1479" y="837" width="227" height="277" frameX="-28" frameY="-7" frameWidth="254" frameHeight="282"/>
	<SubTexture name="lauh0018" x="1479" y="279" width="227" height="279" frameX="-28" frameY="-5" frameWidth="254" frameHeight="282"/>
	<SubTexture name="lauh0019" x="1479" y="279" width="227" height="279" frameX="-28" frameY="-5" frameWidth="254" frameHeight="282"/>
	<SubTexture name="lauh0020" x="684" y="1086" width="227" height="267" frameX="-28" frameY="-17" frameWidth="254" frameHeight="282"/>
	<SubTexture name="lauh0021" x="684" y="1086" width="227" height="267" frameX="-28" frameY="-17" frameWidth="254" frameHeight="282"/>
	<SubTexture name="lauh0022" x="1479" y="837" width="227" height="277" frameX="-28" frameY="-7" frameWidth="254" frameHeight="282"/>
	<SubTexture name="lauh0023" x="1479" y="837" width="227" height="277" frameX="-28" frameY="-7" frameWidth="254" frameHeight="282"/>
	<SubTexture name="lauh0024" x="1479" y="279" width="227" height="279" frameX="-28" frameY="-5" frameWidth="254" frameHeight="282"/>
	<SubTexture name="lauh0025" x="1479" y="279" width="227" height="279" frameX="-28" frameY="-5" frameWidth="254" frameHeight="282"/>
	<SubTexture name="lauh0026" x="1479" y="279" width="227" height="279" frameX="-28" frameY="-5" frameWidth="254" frameHeight="282"/>
	<SubTexture name="lauh0027" x="684" y="1086" width="227" height="267" frameX="-28" frameY="-17" frameWidth="254" frameHeight="282"/>
	<SubTexture name="lauh0028" x="684" y="1086" width="227" height="267" frameX="-28" frameY="-17" frameWidth="254" frameHeight="282"/>
	<SubTexture name="lauh0029" x="1479" y="837" width="227" height="277" frameX="-28" frameY="-7" frameWidth="254" frameHeight="282"/>
	<SubTexture name="lauh0030" x="1479" y="837" width="227" height="277" frameX="-28" frameY="-7" frameWidth="254" frameHeight="282"/>
	<SubTexture name="lauh0031" x="1479" y="279" width="227" height="279" frameX="-28" frameY="-5" frameWidth="254" frameHeight="282"/>
	<SubTexture name="lauh0032" x="1479" y="279" width="227" height="279" frameX="-28" frameY="-5" frameWidth="254" frameHeight="282"/>
	<SubTexture name="lauh0033" x="1479" y="279" width="227" height="279" frameX="-28" frameY="-5" frameWidth="254" frameHeight="282"/>
	<SubTexture name="lauh0034" x="1479" y="837" width="227" height="277" frameX="-28" frameY="-7" frameWidth="254" frameHeight="282"/>
	<SubTexture name="lauh0035" x="1479" y="837" width="227" height="277" frameX="-28" frameY="-7" frameWidth="254" frameHeight="282"/>
	<SubTexture name="lauh0036" x="1479" y="279" width="227" height="279" frameX="-28" frameY="-5" frameWidth="254" frameHeight="282"/>
	<SubTexture name="lauh0037" x="1479" y="279" width="227" height="279" frameX="-28" frameY="-5" frameWidth="254" frameHeight="282"/>
	<SubTexture name="lauh0038" x="1479" y="279" width="227" height="279" frameX="-28" frameY="-5" frameWidth="254" frameHeight="282"/>
	<SubTexture name="lauh0039" x="1479" y="279" width="227" height="279" frameX="-28" frameY="-5" frameWidth="254" frameHeight="282"/>
	<SubTexture name="lauh0040" x="1479" y="279" width="227" height="279" frameX="-28" frameY="-5" frameWidth="254" frameHeight="282"/>
	<SubTexture name="lauh0041" x="1479" y="558" width="227" height="279" frameX="-28" frameY="-5" frameWidth="254" frameHeight="282"/>
	<SubTexture name="lauh0042" x="1479" y="558" width="227" height="279" frameX="-28" frameY="-5" frameWidth="254" frameHeight="282"/>
	<SubTexture name="lauh0043" x="1008" y="281" width="237" height="281" frameX="-18" frameY="-3" frameWidth="254" frameHeight="282"/>
	<SubTexture name="lauh0044" x="1008" y="281" width="237" height="281" frameX="-18" frameY="-3" frameWidth="254" frameHeight="282"/>
	<SubTexture name="lauh0045" x="0" y="567" width="239" height="282" frameX="-16" frameY="-2" frameWidth="254" frameHeight="282"/>
	<SubTexture name="lauh0046" x="0" y="567" width="239" height="282" frameX="-16" frameY="-2" frameWidth="254" frameHeight="282"/>
	<SubTexture name="lauh0047" x="239" y="567" width="239" height="282" frameX="-16" frameY="-2" frameWidth="254" frameHeight="282"/>
	<SubTexture name="lauh0048" x="239" y="567" width="239" height="282" frameX="-16" frameY="-2" frameWidth="254" frameHeight="282"/>
	<SubTexture name="lauh0049" x="769" y="0" width="239" height="282" frameX="-16" frameY="-2" frameWidth="254" frameHeight="282"/>
	<SubTexture name="lauh0050" x="769" y="0" width="239" height="282" frameX="-16" frameY="-2" frameWidth="254" frameHeight="282"/>
	<SubTexture name="lauh0051" x="717" y="567" width="239" height="282" frameX="-16" frameY="-2" frameWidth="254" frameHeight="282"/>
	<SubTexture name="lauh0052" x="717" y="567" width="239" height="282" frameX="-16" frameY="-2" frameWidth="254" frameHeight="282"/>
	<SubTexture name="lauh0053" x="717" y="567" width="239" height="282" frameX="-16" frameY="-2" frameWidth="254" frameHeight="282"/>
	<SubTexture name="lauh0054" x="717" y="567" width="239" height="282" frameX="-16" frameY="-2" frameWidth="254" frameHeight="282"/>
	<SubTexture name="lauh0055" x="239" y="567" width="239" height="282" frameX="-16" frameY="-2" frameWidth="254" frameHeight="282"/>
	<SubTexture name="lauh0056" x="239" y="567" width="239" height="282" frameX="-16" frameY="-2" frameWidth="254" frameHeight="282"/>
	<SubTexture name="lauh0057" x="769" y="0" width="239" height="282" frameX="-16" frameY="-2" frameWidth="254" frameHeight="282"/>
	<SubTexture name="lauh0058" x="769" y="0" width="239" height="282" frameX="-16" frameY="-2" frameWidth="254" frameHeight="282"/>
	<SubTexture name="lauh0059" x="1008" y="562" width="236" height="279" frameX="-19" frameY="-5" frameWidth="254" frameHeight="282"/>
	<SubTexture name="lauh0060" x="1008" y="562" width="236" height="279" frameX="-19" frameY="-5" frameWidth="254" frameHeight="282"/>
	<SubTexture name="lauh0061" x="1008" y="562" width="236" height="279" frameX="-19" frameY="-5" frameWidth="254" frameHeight="282"/>
	<SubTexture name="lauh0062" x="497" y="286" width="238" height="281" frameX="-17" frameY="-3" frameWidth="254" frameHeight="282"/>
	<SubTexture name="lauh0063" x="1008" y="0" width="238" height="281" frameX="-17" frameY="-3" frameWidth="254" frameHeight="282"/>
	<SubTexture name="lauh0064" x="239" y="567" width="239" height="282" frameX="-16" frameY="-2" frameWidth="254" frameHeight="282"/>
	<SubTexture name="lauh0065" x="239" y="567" width="239" height="282" frameX="-16" frameY="-2" frameWidth="254" frameHeight="282"/>
	<SubTexture name="lauh0066" x="239" y="567" width="239" height="282" frameX="-16" frameY="-2" frameWidth="254" frameHeight="282"/>
	<SubTexture name="lauh0067" x="769" y="282" width="239" height="282" frameX="-16" frameY="-2" frameWidth="254" frameHeight="282"/>
	<SubTexture name="lauh0068" x="1008" y="562" width="236" height="279" frameX="-19" frameY="-5" frameWidth="254" frameHeight="282"/>
	<SubTexture name="lauh0069" x="1008" y="562" width="236" height="279" frameX="-19" frameY="-5" frameWidth="254" frameHeight="282"/>
	<SubTexture name="lauh0070" x="1008" y="562" width="236" height="279" frameX="-19" frameY="-5" frameWidth="254" frameHeight="282"/>
	<SubTexture name="lauh0071" x="478" y="567" width="239" height="282" frameX="-16" frameY="-2" frameWidth="254" frameHeight="282"/>
	<SubTexture name="lauh0072" x="478" y="567" width="239" height="282" frameX="-16" frameY="-2" frameWidth="254" frameHeight="282"/>
	<SubTexture name="lauh0073" x="769" y="0" width="239" height="282" frameX="-16" frameY="-2" frameWidth="254" frameHeight="282"/>
	<SubTexture name="lauh0074" x="769" y="0" width="239" height="282" frameX="-16" frameY="-2" frameWidth="254" frameHeight="282"/>
	<SubTexture name="lauh0075" x="0" y="0" width="257" height="286" frameX="2" frameY="2" frameWidth="254" frameHeight="282"/>
	<SubTexture name="lauh0076" x="0" y="0" width="257" height="286" frameX="2" frameY="2" frameWidth="254" frameHeight="282"/>
	<SubTexture name="lauh0077" x="257" y="0" width="256" height="283" frameX="1" frameY="-1" frameWidth="254" frameHeight="282"/>
	<SubTexture name="lauh0078" x="257" y="0" width="256" height="283" frameX="1" frameY="-1" frameWidth="254" frameHeight="282"/>
	<SubTexture name="lauh0079" x="257" y="0" width="256" height="283" frameX="1" frameY="-1" frameWidth="254" frameHeight="282"/>
	<SubTexture name="lauh0080" x="0" y="0" width="257" height="286" frameX="2" frameY="2" frameWidth="254" frameHeight="282"/>
	<SubTexture name="lauh0081" x="0" y="0" width="257" height="286" frameX="2" frameY="2" frameWidth="254" frameHeight="282"/>
	<SubTexture name="lauh0082" x="257" y="0" width="256" height="283" frameX="1" frameY="-1" frameWidth="254" frameHeight="282"/>
	<SubTexture name="lauh0083" x="257" y="0" width="256" height="283" frameX="1" frameY="-1" frameWidth="254" frameHeight="282"/>
	<SubTexture name="lauh0084" x="257" y="0" width="256" height="283" frameX="1" frameY="-1" frameWidth="254" frameHeight="282"/>
	<SubTexture name="lauh0085" x="0" y="0" width="257" height="286" frameX="2" frameY="2" frameWidth="254" frameHeight="282"/>
	<SubTexture name="lauh0086" x="0" y="0" width="257" height="286" frameX="2" frameY="2" frameWidth="254" frameHeight="282"/>
	<SubTexture name="lauh0087" x="257" y="0" width="256" height="283" frameX="1" frameY="-1" frameWidth="254" frameHeight="282"/>
	<SubTexture name="lauh0088" x="257" y="0" width="256" height="283" frameX="1" frameY="-1" frameWidth="254" frameHeight="282"/>
	<SubTexture name="lauh0089" x="257" y="0" width="256" height="283" frameX="1" frameY="-1" frameWidth="254" frameHeight="282"/>
	<SubTexture name="lauh0090" x="257" y="0" width="256" height="283" frameX="1" frameY="-1" frameWidth="254" frameHeight="282"/>
	<SubTexture name="lauh0091" x="257" y="0" width="256" height="283" frameX="1" frameY="-1" frameWidth="254" frameHeight="282"/>
	<SubTexture name="lauh0092" x="0" y="0" width="257" height="286" frameX="2" frameY="2" frameWidth="254" frameHeight="282"/>
	<SubTexture name="lauh0093" x="0" y="0" width="257" height="286" frameX="2" frameY="2" frameWidth="254" frameHeight="282"/>
	<SubTexture name="lauh0094" x="257" y="0" width="256" height="283" frameX="1" frameY="-1" frameWidth="254" frameHeight="282"/>
	<SubTexture name="lauh0095" x="257" y="0" width="256" height="283" frameX="1" frameY="-1" frameWidth="254" frameHeight="282"/>
	<SubTexture name="lauh0096" x="257" y="0" width="256" height="283" frameX="1" frameY="-1" frameWidth="254" frameHeight="282"/>
	<SubTexture name="lauh0097" x="257" y="0" width="256" height="283" frameX="1" frameY="-1" frameWidth="254" frameHeight="282"/>
	<SubTexture name="lauh0098" x="0" y="0" width="257" height="286" frameX="2" frameY="2" frameWidth="254" frameHeight="282"/>
	<SubTexture name="lauh0099" x="0" y="0" width="257" height="286" frameX="2" frameY="2" frameWidth="254" frameHeight="282"/>
	<SubTexture name="lauh0100" x="513" y="0" width="256" height="282" frameX="1" frameY="-2" frameWidth="254" frameHeight="282"/>
	<SubTexture name="lauh0101" x="513" y="0" width="256" height="282" frameX="1" frameY="-2" frameWidth="254" frameHeight="282"/>
	<SubTexture name="lauh0102" x="513" y="0" width="256" height="282" frameX="1" frameY="-2" frameWidth="254" frameHeight="282"/>
	<SubTexture name="lauh0103" x="513" y="0" width="256" height="282" frameX="1" frameY="-2" frameWidth="254" frameHeight="282"/>
	<SubTexture name="lauh0104" x="513" y="0" width="256" height="282" frameX="1" frameY="-2" frameWidth="254" frameHeight="282"/>
	<SubTexture name="lauh0105" x="513" y="0" width="256" height="282" frameX="1" frameY="-2" frameWidth="254" frameHeight="282"/>
	<SubTexture name="lauh0106" x="513" y="0" width="256" height="282" frameX="1" frameY="-2" frameWidth="254" frameHeight="282"/>
	<SubTexture name="lauh0107" x="0" y="286" width="249" height="281" frameX="-6" frameY="-3" frameWidth="254" frameHeight="282"/>
	<SubTexture name="lauh0108" x="0" y="286" width="249" height="281" frameX="-6" frameY="-3" frameWidth="254" frameHeight="282"/>
	<SubTexture name="lauh0109" x="249" y="286" width="248" height="281" frameX="-7" frameY="-3" frameWidth="254" frameHeight="282"/>
	<SubTexture name="lauh0110" x="249" y="286" width="248" height="281" frameX="-7" frameY="-3" frameWidth="254" frameHeight="282"/>
	<SubTexture name="lauh0111" x="249" y="286" width="248" height="281" frameX="-7" frameY="-3" frameWidth="254" frameHeight="282"/>
	<SubTexture name="lauh0112" x="249" y="286" width="248" height="281" frameX="-7" frameY="-3" frameWidth="254" frameHeight="282"/>
	<SubTexture name="lauh0113" x="249" y="286" width="248" height="281" frameX="-7" frameY="-3" frameWidth="254" frameHeight="282"/>
	<SubTexture name="lauh0114" x="249" y="286" width="248" height="281" frameX="-7" frameY="-3" frameWidth="254" frameHeight="282"/>
	<SubTexture name="lauh0115" x="249" y="286" width="248" height="281" frameX="-7" frameY="-3" frameWidth="254" frameHeight="282"/>
	<SubTexture name="lauh0116" x="249" y="286" width="248" height="281" frameX="-7" frameY="-3" frameWidth="254" frameHeight="282"/>
	<SubTexture name="lauh0117" x="249" y="286" width="248" height="281" frameX="-7" frameY="-3" frameWidth="254" frameHeight="282"/>
	<SubTexture name="lauh0118" x="249" y="286" width="248" height="281" frameX="-7" frameY="-3" frameWidth="254" frameHeight="282"/>
	<SubTexture name="lauh0119" x="249" y="286" width="248" height="281" frameX="-7" frameY="-3" frameWidth="254" frameHeight="282"/>
	<SubTexture name="lauh0120" x="249" y="286" width="248" height="281" frameX="-7" frameY="-3" frameWidth="254" frameHeight="282"/>
	<SubTexture name="lauh0121" x="249" y="286" width="248" height="281" frameX="-7" frameY="-3" frameWidth="254" frameHeight="282"/>
	<SubTexture name="lauh0122" x="249" y="286" width="248" height="281" frameX="-7" frameY="-3" frameWidth="254" frameHeight="282"/>
	<SubTexture name="lauh0123" x="249" y="286" width="248" height="281" frameX="-7" frameY="-3" frameWidth="254" frameHeight="282"/>
	<SubTexture name="lauh0124" x="249" y="286" width="248" height="281" frameX="-7" frameY="-3" frameWidth="254" frameHeight="282"/>
	<SubTexture name="lauh0125" x="249" y="286" width="248" height="281" frameX="-7" frameY="-3" frameWidth="254" frameHeight="282"/>
	<SubTexture name="lauh0126" x="249" y="286" width="248" height="281" frameX="-7" frameY="-3" frameWidth="254" frameHeight="282"/>
	<SubTexture name="lauh0127" x="249" y="286" width="248" height="281" frameX="-7" frameY="-3" frameWidth="254" frameHeight="282"/>
	<SubTexture name="lauh0128" x="249" y="286" width="248" height="281" frameX="-7" frameY="-3" frameWidth="254" frameHeight="282"/>
	<SubTexture name="lauh0129" x="249" y="286" width="248" height="281" frameX="-7" frameY="-3" frameWidth="254" frameHeight="282"/>
	<SubTexture name="lauh0130" x="249" y="286" width="248" height="281" frameX="-7" frameY="-3" frameWidth="254" frameHeight="282"/>
	<SubTexture name="lauh0131" x="249" y="286" width="248" height="281" frameX="-7" frameY="-3" frameWidth="254" frameHeight="282"/>
	<SubTexture name="lauh0132" x="249" y="286" width="248" height="281" frameX="-7" frameY="-3" frameWidth="254" frameHeight="282"/>
	<SubTexture name="lauh0133" x="249" y="286" width="248" height="281" frameX="-7" frameY="-3" frameWidth="254" frameHeight="282"/>
	<SubTexture name="lauh0134" x="249" y="286" width="248" height="281" frameX="-7" frameY="-3" frameWidth="254" frameHeight="282"/>
	<SubTexture name="lauh0135" x="249" y="286" width="248" height="281" frameX="-7" frameY="-3" frameWidth="254" frameHeight="282"/>
	<SubTexture name="lauh0136" x="249" y="286" width="248" height="281" frameX="-7" frameY="-3" frameWidth="254" frameHeight="282"/>
	<SubTexture name="lauh0137" x="249" y="286" width="248" height="281" frameX="-7" frameY="-3" frameWidth="254" frameHeight="282"/>
	<SubTexture name="lauh0138" x="249" y="286" width="248" height="281" frameX="-7" frameY="-3" frameWidth="254" frameHeight="282"/>
	<SubTexture name="lauh0139" x="249" y="286" width="248" height="281" frameX="-7" frameY="-3" frameWidth="254" frameHeight="282"/>
	<SubTexture name="lauh0140" x="249" y="286" width="248" height="281" frameX="-7" frameY="-3" frameWidth="254" frameHeight="282"/>
	<SubTexture name="lauh0141" x="249" y="286" width="248" height="281" frameX="-7" frameY="-3" frameWidth="254" frameHeight="282"/>
	<SubTexture name="lauh0142" x="249" y="286" width="248" height="281" frameX="-7" frameY="-3" frameWidth="254" frameHeight="282"/>
	<SubTexture name="lauh0143" x="249" y="286" width="248" height="281" frameX="-7" frameY="-3" frameWidth="254" frameHeight="282"/>
	<SubTexture name="lauh0144" x="249" y="286" width="248" height="281" frameX="-7" frameY="-3" frameWidth="254" frameHeight="282"/>
	<SubTexture name="lauh0145" x="249" y="286" width="248" height="281" frameX="-7" frameY="-3" frameWidth="254" frameHeight="282"/>
	<SubTexture name="lauh0146" x="249" y="286" width="248" height="281" frameX="-7" frameY="-3" frameWidth="254" frameHeight="282"/>
	<SubTexture name="lauh0147" x="249" y="286" width="248" height="281" frameX="-7" frameY="-3" frameWidth="254" frameHeight="282"/>
	<SubTexture name="lauh0148" x="249" y="286" width="248" height="281" frameX="-7" frameY="-3" frameWidth="254" frameHeight="282"/>
	<SubTexture name="lauh0149" x="249" y="286" width="248" height="281" frameX="-7" frameY="-3" frameWidth="254" frameHeight="282"/>
	<SubTexture name="lauh0150" x="249" y="286" width="248" height="281" frameX="-7" frameY="-3" frameWidth="254" frameHeight="282"/>
	<SubTexture name="lauh0151" x="249" y="286" width="248" height="281" frameX="-7" frameY="-3" frameWidth="254" frameHeight="282"/>
	<SubTexture name="lauh0152" x="249" y="286" width="248" height="281" frameX="-7" frameY="-3" frameWidth="254" frameHeight="282"/>
	<SubTexture name="lauh0153" x="249" y="286" width="248" height="281" frameX="-7" frameY="-3" frameWidth="254" frameHeight="282"/>
	<SubTexture name="lauh0154" x="249" y="286" width="248" height="281" frameX="-7" frameY="-3" frameWidth="254" frameHeight="282"/>
	<SubTexture name="lauh0155" x="249" y="286" width="248" height="281" frameX="-7" frameY="-3" frameWidth="254" frameHeight="282"/>
	<SubTexture name="lauh0156" x="249" y="286" width="248" height="281" frameX="-7" frameY="-3" frameWidth="254" frameHeight="282"/>
	<SubTexture name="lauh0157" x="249" y="286" width="248" height="281" frameX="-7" frameY="-3" frameWidth="254" frameHeight="282"/>
	<SubTexture name="lauh0158" x="249" y="286" width="248" height="281" frameX="-7" frameY="-3" frameWidth="254" frameHeight="282"/>
	<SubTexture name="lauh0159" x="249" y="286" width="248" height="281" frameX="-7" frameY="-3" frameWidth="254" frameHeight="282"/>
	<SubTexture name="lauh0160" x="249" y="286" width="248" height="281" frameX="-7" frameY="-3" frameWidth="254" frameHeight="282"/>
	<SubTexture name="lauh0161" x="249" y="286" width="248" height="281" frameX="-7" frameY="-3" frameWidth="254" frameHeight="282"/>
	<SubTexture name="lauh0162" x="249" y="286" width="248" height="281" frameX="-7" frameY="-3" frameWidth="254" frameHeight="282"/>
	<SubTexture name="lauh0163" x="249" y="286" width="248" height="281" frameX="-7" frameY="-3" frameWidth="254" frameHeight="282"/>
	<SubTexture name="lauh0164" x="249" y="286" width="248" height="281" frameX="-7" frameY="-3" frameWidth="254" frameHeight="282"/>
	<SubTexture name="lauh0165" x="249" y="286" width="248" height="281" frameX="-7" frameY="-3" frameWidth="254" frameHeight="282"/>
	<SubTexture name="lauh0166" x="249" y="286" width="248" height="281" frameX="-7" frameY="-3" frameWidth="254" frameHeight="282"/>
	<SubTexture name="lauh0167" x="249" y="286" width="248" height="281" frameX="-7" frameY="-3" frameWidth="254" frameHeight="282"/>
	<SubTexture name="lauh0168" x="249" y="286" width="248" height="281" frameX="-7" frameY="-3" frameWidth="254" frameHeight="282"/>
	<SubTexture name="lauh0169" x="249" y="286" width="248" height="281" frameX="-7" frameY="-3" frameWidth="254" frameHeight="282"/>
	<SubTexture name="lauh0170" x="249" y="286" width="248" height="281" frameX="-7" frameY="-3" frameWidth="254" frameHeight="282"/>
	<SubTexture name="lean0000" x="452" y="1364" width="228" height="248" frameX="2" frameY="2" frameWidth="224" frameHeight="244"/>
	<SubTexture name="lean0001" x="452" y="1364" width="228" height="248" frameX="2" frameY="2" frameWidth="224" frameHeight="244"/>
	<SubTexture name="lean0002" x="428" y="1615" width="215" height="248" frameX="-5" frameY="2" frameWidth="224" frameHeight="244"/>
	<SubTexture name="lean0003" x="428" y="1615" width="215" height="248" frameX="-5" frameY="2" frameWidth="224" frameHeight="244"/>
	<SubTexture name="lean0004" x="428" y="1615" width="215" height="248" frameX="-5" frameY="2" frameWidth="224" frameHeight="244"/>
	<SubTexture name="lean0005" x="428" y="1615" width="215" height="248" frameX="-5" frameY="2" frameWidth="224" frameHeight="244"/>
	<SubTexture name="lean0006" x="428" y="1615" width="215" height="248" frameX="-5" frameY="2" frameWidth="224" frameHeight="244"/>
	<SubTexture name="lean0007" x="428" y="1615" width="215" height="248" frameX="-5" frameY="2" frameWidth="224" frameHeight="244"/>
	<SubTexture name="lean0008" x="428" y="1615" width="215" height="248" frameX="-5" frameY="2" frameWidth="224" frameHeight="244"/>
	<SubTexture name="lean0009" x="428" y="1615" width="215" height="248" frameX="-5" frameY="2" frameWidth="224" frameHeight="244"/>
	<SubTexture name="lean0010" x="428" y="1615" width="215" height="248" frameX="-5" frameY="2" frameWidth="224" frameHeight="244"/>
	<SubTexture name="lean0011" x="428" y="1615" width="215" height="248" frameX="-5" frameY="2" frameWidth="224" frameHeight="244"/>
	<SubTexture name="lean0012" x="428" y="1615" width="215" height="248" frameX="-5" frameY="2" frameWidth="224" frameHeight="244"/>
	<SubTexture name="lean0013" x="428" y="1615" width="215" height="248" frameX="-5" frameY="2" frameWidth="224" frameHeight="244"/>
	<SubTexture name="lean0014" x="428" y="1615" width="215" height="248" frameX="-5" frameY="2" frameWidth="224" frameHeight="244"/>
	<SubTexture name="left0000" x="1479" y="1114" width="228" height="248" frameX="2" frameY="2" frameWidth="224" frameHeight="244"/>
	<SubTexture name="left0001" x="1479" y="1114" width="228" height="248" frameX="2" frameY="2" frameWidth="224" frameHeight="244"/>
	<SubTexture name="left0002" x="643" y="1615" width="215" height="248" frameX="-5" frameY="2" frameWidth="224" frameHeight="244"/>
	<SubTexture name="left0003" x="643" y="1615" width="215" height="248" frameX="-5" frameY="2" frameWidth="224" frameHeight="244"/>
	<SubTexture name="left0004" x="643" y="1615" width="215" height="248" frameX="-5" frameY="2" frameWidth="224" frameHeight="244"/>
	<SubTexture name="left0005" x="643" y="1615" width="215" height="248" frameX="-5" frameY="2" frameWidth="224" frameHeight="244"/>
	<SubTexture name="left0006" x="643" y="1615" width="215" height="248" frameX="-5" frameY="2" frameWidth="224" frameHeight="244"/>
	<SubTexture name="left0007" x="643" y="1615" width="215" height="248" frameX="-5" frameY="2" frameWidth="224" frameHeight="244"/>
	<SubTexture name="left0008" x="643" y="1615" width="215" height="248" frameX="-5" frameY="2" frameWidth="224" frameHeight="244"/>
	<SubTexture name="left0009" x="643" y="1615" width="215" height="248" frameX="-5" frameY="2" frameWidth="224" frameHeight="244"/>
	<SubTexture name="left0010" x="643" y="1615" width="215" height="248" frameX="-5" frameY="2" frameWidth="224" frameHeight="244"/>
	<SubTexture name="left0011" x="643" y="1615" width="215" height="248" frameX="-5" frameY="2" frameWidth="224" frameHeight="244"/>
	<SubTexture name="left0012" x="643" y="1615" width="215" height="248" frameX="-5" frameY="2" frameWidth="224" frameHeight="244"/>
	<SubTexture name="left0013" x="643" y="1615" width="215" height="248" frameX="-5" frameY="2" frameWidth="224" frameHeight="244"/>
	<SubTexture name="left0014" x="643" y="1615" width="215" height="248" frameX="-5" frameY="2" frameWidth="224" frameHeight="244"/>
	<SubTexture name="loop0000" x="1707" y="500" width="225" height="251" frameX="2" frameY="2" frameWidth="221" frameHeight="247"/>
	<SubTexture name="loop0001" x="1707" y="500" width="225" height="251" frameX="2" frameY="2" frameWidth="221" frameHeight="247"/>
	<SubTexture name="loop0002" x="1707" y="751" width="225" height="251" frameX="2" frameY="2" frameWidth="221" frameHeight="247"/>
	<SubTexture name="loop0003" x="1707" y="751" width="225" height="251" frameX="2" frameY="2" frameWidth="221" frameHeight="247"/>
	<SubTexture name="right0000" x="1707" y="1002" width="225" height="251" frameX="1" frameY="2" frameWidth="222" frameHeight="247"/>
	<SubTexture name="right0001" x="1707" y="1002" width="225" height="251" frameX="1" frameY="2" frameWidth="222" frameHeight="247"/>
	<SubTexture name="right0002" x="214" y="1615" width="214" height="251" frameX="2" frameY="2" frameWidth="222" frameHeight="247"/>
	<SubTexture name="right0003" x="214" y="1615" width="214" height="251" frameX="2" frameY="2" frameWidth="222" frameHeight="247"/>
	<SubTexture name="right0004" x="214" y="1615" width="214" height="251" frameX="2" frameY="2" frameWidth="222" frameHeight="247"/>
	<SubTexture name="right0005" x="214" y="1615" width="214" height="251" frameX="2" frameY="2" frameWidth="222" frameHeight="247"/>
	<SubTexture name="right0006" x="214" y="1615" width="214" height="251" frameX="2" frameY="2" frameWidth="222" frameHeight="247"/>
	<SubTexture name="right0007" x="214" y="1615" width="214" height="251" frameX="2" frameY="2" frameWidth="222" frameHeight="247"/>
	<SubTexture name="right0008" x="214" y="1615" width="214" height="251" frameX="2" frameY="2" frameWidth="222" frameHeight="247"/>
	<SubTexture name="right0009" x="214" y="1615" width="214" height="251" frameX="2" frameY="2" frameWidth="222" frameHeight="247"/>
	<SubTexture name="right0010" x="214" y="1615" width="214" height="251" frameX="2" frameY="2" frameWidth="222" frameHeight="247"/>
	<SubTexture name="right0011" x="214" y="1615" width="214" height="251" frameX="2" frameY="2" frameWidth="222" frameHeight="247"/>
	<SubTexture name="right0012" x="214" y="1615" width="214" height="251" frameX="2" frameY="2" frameWidth="222" frameHeight="247"/>
	<SubTexture name="right0013" x="214" y="1615" width="214" height="251" frameX="2" frameY="2" frameWidth="222" frameHeight="247"/>
	<SubTexture name="right0014" x="214" y="1615" width="214" height="251" frameX="2" frameY="2" frameWidth="222" frameHeight="247"/>
	<SubTexture name="toes0000" x="1246" y="552" width="230" height="278" frameX="2" frameY="2" frameWidth="230" frameHeight="274"/>
	<SubTexture name="toes0001" x="1246" y="552" width="230" height="278" frameX="2" frameY="2" frameWidth="230" frameHeight="274"/>
	<SubTexture name="toes0002" x="1246" y="0" width="233" height="276" frameX="1" frameY="0" frameWidth="230" frameHeight="274"/>
	<SubTexture name="toes0003" x="1246" y="0" width="233" height="276" frameX="1" frameY="0" frameWidth="230" frameHeight="274"/>
	<SubTexture name="toes0004" x="1246" y="0" width="233" height="276" frameX="1" frameY="0" frameWidth="230" frameHeight="274"/>
	<SubTexture name="toes0005" x="1246" y="0" width="233" height="276" frameX="1" frameY="0" frameWidth="230" frameHeight="274"/>
	<SubTexture name="toes0006" x="1246" y="0" width="233" height="276" frameX="1" frameY="0" frameWidth="230" frameHeight="274"/>
	<SubTexture name="toes0007" x="1246" y="0" width="233" height="276" frameX="1" frameY="0" frameWidth="230" frameHeight="274"/>
	<SubTexture name="toes0008" x="1246" y="0" width="233" height="276" frameX="1" frameY="0" frameWidth="230" frameHeight="274"/>
	<SubTexture name="toes0009" x="1246" y="0" width="233" height="276" frameX="1" frameY="0" frameWidth="230" frameHeight="274"/>
	<SubTexture name="toes0010" x="1246" y="0" width="233" height="276" frameX="1" frameY="0" frameWidth="230" frameHeight="274"/>
	<SubTexture name="toes0011" x="1246" y="0" width="233" height="276" frameX="1" frameY="0" frameWidth="230" frameHeight="274"/>
	<SubTexture name="toes0012" x="1246" y="0" width="233" height="276" frameX="1" frameY="0" frameWidth="230" frameHeight="274"/>
	<SubTexture name="toes0013" x="1246" y="0" width="233" height="276" frameX="1" frameY="0" frameWidth="230" frameHeight="274"/>
	<SubTexture name="toes0014" x="1246" y="0" width="233" height="276" frameX="1" frameY="0" frameWidth="230" frameHeight="274"/>
	<SubTexture name="up0000" x="0" y="1086" width="229" height="278" frameX="2" frameY="2" frameWidth="229" frameHeight="274"/>
	<SubTexture name="up0001" x="0" y="1086" width="229" height="278" frameX="2" frameY="2" frameWidth="229" frameHeight="274"/>
	<SubTexture name="up0002" x="1246" y="276" width="232" height="276" frameX="1" frameY="0" frameWidth="229" frameHeight="274"/>
	<SubTexture name="up0003" x="1246" y="276" width="232" height="276" frameX="1" frameY="0" frameWidth="229" frameHeight="274"/>
	<SubTexture name="up0004" x="1246" y="276" width="232" height="276" frameX="1" frameY="0" frameWidth="229" frameHeight="274"/>
	<SubTexture name="up0005" x="1246" y="276" width="232" height="276" frameX="1" frameY="0" frameWidth="229" frameHeight="274"/>
	<SubTexture name="up0006" x="1246" y="276" width="232" height="276" frameX="1" frameY="0" frameWidth="229" frameHeight="274"/>
	<SubTexture name="up0007" x="1246" y="276" width="232" height="276" frameX="1" frameY="0" frameWidth="229" frameHeight="274"/>
	<SubTexture name="up0008" x="1246" y="276" width="232" height="276" frameX="1" frameY="0" frameWidth="229" frameHeight="274"/>
	<SubTexture name="up0009" x="1246" y="276" width="232" height="276" frameX="1" frameY="0" frameWidth="229" frameHeight="274"/>
	<SubTexture name="up0010" x="1246" y="276" width="232" height="276" frameX="1" frameY="0" frameWidth="229" frameHeight="274"/>
	<SubTexture name="up0011" x="1246" y="276" width="232" height="276" frameX="1" frameY="0" frameWidth="229" frameHeight="274"/>
	<SubTexture name="up0012" x="1246" y="276" width="232" height="276" frameX="1" frameY="0" frameWidth="229" frameHeight="274"/>
	<SubTexture name="up0013" x="1246" y="276" width="232" height="276" frameX="1" frameY="0" frameWidth="229" frameHeight="274"/>
	<SubTexture name="up0014" x="1246" y="276" width="232" height="276" frameX="1" frameY="0" frameWidth="229" frameHeight="274"/>
</TextureAtlas>