<?xml version="1.0" encoding="utf-8"?>
<TextureAtlas imagePath="NOTE_assets.png">
	<!-- Created using the Spritesheet and XML generator -->
	<!-- https://uncertainprod.github.io/FNF-Spritesheet-XML-generator-Web -->
	<SubTexture name="arrowDOWN0000" x="464" y="818" width="155" height="153" frameX="-2" frameY="-5" frameWidth="155" frameHeight="156"/>
	<SubTexture name="arrowDOWN0001" x="464" y="818" width="155" height="153" frameX="-2" frameY="-5" frameWidth="155" frameHeight="156"/>
	<SubTexture name="arrowDOWN0002" x="464" y="818" width="155" height="153" frameX="-2" frameY="-5" frameWidth="155" frameHeight="156"/>
	<SubTexture name="arrowDOWN0003" x="464" y="818" width="155" height="153" frameX="-2" frameY="-5" frameWidth="155" frameHeight="156"/>
	<SubTexture name="arrowDOWN0004" x="465" y="260" width="158" height="153" frameX="1" frameY="-4" frameWidth="155" frameHeight="156"/>
	<SubTexture name="arrowDOWN0005" x="465" y="260" width="158" height="153" frameX="1" frameY="-4" frameWidth="155" frameHeight="156"/>
	<SubTexture name="arrowDOWN0006" x="465" y="260" width="158" height="153" frameX="1" frameY="-4" frameWidth="155" frameHeight="156"/>
	<SubTexture name="arrowDOWN0007" x="465" y="260" width="158" height="153" frameX="1" frameY="-4" frameWidth="155" frameHeight="156"/>
	<SubTexture name="arrowDOWN0008" x="773" y="818" width="156" height="151" frameX="2" frameY="-5" frameWidth="155" frameHeight="156"/>
	<SubTexture name="arrowDOWN0009" x="773" y="818" width="156" height="151" frameX="2" frameY="-5" frameWidth="155" frameHeight="156"/>
	<SubTexture name="arrowDOWN0010" x="773" y="818" width="156" height="151" frameX="2" frameY="-5" frameWidth="155" frameHeight="156"/>
	<SubTexture name="arrowDOWN0011" x="773" y="818" width="156" height="151" frameX="2" frameY="-5" frameWidth="155" frameHeight="156"/>
	<SubTexture name="arrowLEFT0000" x="1194" y="0" width="151" height="155" frameX="1" frameY="2" frameWidth="156" frameHeight="155"/>
	<SubTexture name="arrowLEFT0001" x="1194" y="0" width="151" height="155" frameX="1" frameY="2" frameWidth="156" frameHeight="155"/>
	<SubTexture name="arrowLEFT0002" x="1194" y="0" width="151" height="155" frameX="1" frameY="2" frameWidth="156" frameHeight="155"/>
	<SubTexture name="arrowLEFT0003" x="1194" y="0" width="151" height="155" frameX="1" frameY="2" frameWidth="156" frameHeight="155"/>
	<SubTexture name="arrowLEFT0004" x="1041" y="154" width="152" height="155" frameX="2" frameY="-2" frameWidth="156" frameHeight="155"/>
	<SubTexture name="arrowLEFT0005" x="1041" y="154" width="152" height="155" frameX="2" frameY="-2" frameWidth="156" frameHeight="155"/>
	<SubTexture name="arrowLEFT0006" x="1041" y="154" width="152" height="155" frameX="2" frameY="-2" frameWidth="156" frameHeight="155"/>
	<SubTexture name="arrowLEFT0007" x="1041" y="154" width="152" height="155" frameX="2" frameY="-2" frameWidth="156" frameHeight="155"/>
	<SubTexture name="arrowLEFT0008" x="844" y="378" width="160" height="157" frameX="2" frameY="1" frameWidth="156" frameHeight="155"/>
	<SubTexture name="arrowLEFT0009" x="844" y="378" width="160" height="157" frameX="2" frameY="1" frameWidth="156" frameHeight="155"/>
	<SubTexture name="arrowLEFT0010" x="844" y="378" width="160" height="157" frameX="2" frameY="1" frameWidth="156" frameHeight="155"/>
	<SubTexture name="arrowLEFT0011" x="844" y="378" width="160" height="157" frameX="2" frameY="1" frameWidth="156" frameHeight="155"/>
	<SubTexture name="arrowRIGHT0000" x="1041" y="619" width="151" height="156" frameX="-5" frameY="-1" frameWidth="156" frameHeight="155"/>
	<SubTexture name="arrowRIGHT0001" x="1041" y="619" width="151" height="156" frameX="-5" frameY="-1" frameWidth="156" frameHeight="155"/>
	<SubTexture name="arrowRIGHT0002" x="1041" y="619" width="151" height="156" frameX="-5" frameY="-1" frameWidth="156" frameHeight="155"/>
	<SubTexture name="arrowRIGHT0003" x="1041" y="619" width="151" height="156" frameX="-5" frameY="-1" frameWidth="156" frameHeight="155"/>
	<SubTexture name="arrowRIGHT0004" x="1041" y="0" width="153" height="154" frameX="-5" frameY="2" frameWidth="156" frameHeight="155"/>
	<SubTexture name="arrowRIGHT0005" x="1041" y="0" width="153" height="154" frameX="-5" frameY="2" frameWidth="156" frameHeight="155"/>
	<SubTexture name="arrowRIGHT0006" x="1041" y="0" width="153" height="154" frameX="-5" frameY="2" frameWidth="156" frameHeight="155"/>
	<SubTexture name="arrowRIGHT0007" x="1041" y="0" width="153" height="154" frameX="-5" frameY="2" frameWidth="156" frameHeight="155"/>
	<SubTexture name="arrowRIGHT0008" x="202" y="631" width="153" height="157" frameX="-4" frameY="2" frameWidth="156" frameHeight="155"/>
	<SubTexture name="arrowRIGHT0009" x="202" y="631" width="153" height="157" frameX="-4" frameY="2" frameWidth="156" frameHeight="155"/>
	<SubTexture name="arrowRIGHT0010" x="202" y="631" width="153" height="157" frameX="-4" frameY="2" frameWidth="156" frameHeight="155"/>
	<SubTexture name="arrowRIGHT0011" x="202" y="631" width="153" height="157" frameX="-4" frameY="2" frameWidth="156" frameHeight="155"/>
	<SubTexture name="arrowUP0000" x="650" y="413" width="157" height="159" frameX="2" frameY="1" frameWidth="155" frameHeight="156"/>
	<SubTexture name="arrowUP0001" x="650" y="413" width="157" height="159" frameX="2" frameY="1" frameWidth="155" frameHeight="156"/>
	<SubTexture name="arrowUP0002" x="650" y="413" width="157" height="159" frameX="2" frameY="1" frameWidth="155" frameHeight="156"/>
	<SubTexture name="arrowUP0003" x="650" y="413" width="157" height="159" frameX="2" frameY="1" frameWidth="155" frameHeight="156"/>
	<SubTexture name="arrowUP0004" x="0" y="972" width="156" height="151" frameX="-1" frameY="0" frameWidth="155" frameHeight="156"/>
	<SubTexture name="arrowUP0005" x="0" y="972" width="156" height="151" frameX="-1" frameY="0" frameWidth="155" frameHeight="156"/>
	<SubTexture name="arrowUP0006" x="0" y="972" width="156" height="151" frameX="-1" frameY="0" frameWidth="155" frameHeight="156"/>
	<SubTexture name="arrowUP0007" x="0" y="972" width="156" height="151" frameX="-1" frameY="0" frameWidth="155" frameHeight="156"/>
	<SubTexture name="arrowUP0008" x="619" y="818" width="154" height="153" frameX="2" frameY="2" frameWidth="155" frameHeight="156"/>
	<SubTexture name="arrowUP0009" x="619" y="818" width="154" height="153" frameX="2" frameY="2" frameWidth="155" frameHeight="156"/>
	<SubTexture name="arrowUP0010" x="619" y="818" width="154" height="153" frameX="2" frameY="2" frameWidth="155" frameHeight="156"/>
	<SubTexture name="arrowUP0011" x="619" y="818" width="154" height="153" frameX="2" frameY="2" frameWidth="155" frameHeight="156"/>
	<SubTexture name="blue0000" x="156" y="972" width="156" height="150" frameX="2" frameY="2" frameWidth="156" frameHeight="149"/>
	<SubTexture name="blue0001" x="156" y="972" width="156" height="150" frameX="2" frameY="2" frameWidth="156" frameHeight="149"/>
	<SubTexture name="blue0002" x="156" y="972" width="156" height="150" frameX="2" frameY="2" frameWidth="156" frameHeight="149"/>
	<SubTexture name="blue0003" x="156" y="972" width="156" height="150" frameX="2" frameY="2" frameWidth="156" frameHeight="149"/>
	<SubTexture name="blue0004" x="154" y="818" width="155" height="153" frameX="-2" frameY="2" frameWidth="156" frameHeight="149"/>
	<SubTexture name="blue0005" x="154" y="818" width="155" height="153" frameX="-2" frameY="2" frameWidth="156" frameHeight="149"/>
	<SubTexture name="blue0006" x="154" y="818" width="155" height="153" frameX="-2" frameY="2" frameWidth="156" frameHeight="149"/>
	<SubTexture name="blue0007" x="154" y="818" width="155" height="153" frameX="-2" frameY="2" frameWidth="156" frameHeight="149"/>
	<SubTexture name="blue0008" x="438" y="443" width="158" height="153" frameX="0" frameY="2" frameWidth="156" frameHeight="149"/>
	<SubTexture name="blue0009" x="438" y="443" width="158" height="153" frameX="0" frameY="2" frameWidth="156" frameHeight="149"/>
	<SubTexture name="blue0010" x="438" y="443" width="158" height="153" frameX="0" frameY="2" frameWidth="156" frameHeight="149"/>
	<SubTexture name="blue0011" x="438" y="443" width="158" height="153" frameX="0" frameY="2" frameWidth="156" frameHeight="149"/>
	<SubTexture name="blue hold end0000" x="1266" y="995" width="72" height="57" frameX="2" frameY="2" frameWidth="68" frameHeight="53"/>
	<SubTexture name="blue hold piece0000" x="844" y="692" width="72" height="48" frameX="2" frameY="2" frameWidth="68" frameHeight="44"/>
	<SubTexture name="down confirm0000" x="0" y="0" width="217" height="260" frameX="-17" frameY="-7" frameWidth="255" frameHeight="278"/>
	<SubTexture name="down confirm0001" x="0" y="443" width="224" height="188" frameX="-14" frameY="-43" frameWidth="255" frameHeight="278"/>
	<SubTexture name="down confirm0002" x="844" y="0" width="197" height="188" frameX="-27" frameY="-43" frameWidth="255" frameHeight="278"/>
	<SubTexture name="down press0000" x="448" y="972" width="136" height="131" frameX="-3" frameY="-9" frameWidth="141" frameHeight="143"/>
	<SubTexture name="down press0001" x="1194" y="583" width="145" height="140" frameX="2" frameY="-5" frameWidth="141" frameHeight="143"/>
	<SubTexture name="green0000" x="665" y="631" width="156" height="151" frameX="-2" frameY="2" frameWidth="156" frameHeight="149"/>
	<SubTexture name="green0001" x="665" y="631" width="156" height="151" frameX="-2" frameY="2" frameWidth="156" frameHeight="149"/>
	<SubTexture name="green0002" x="665" y="631" width="156" height="151" frameX="-2" frameY="2" frameWidth="156" frameHeight="149"/>
	<SubTexture name="green0003" x="309" y="818" width="155" height="153" frameX="2" frameY="2" frameWidth="156" frameHeight="149"/>
	<SubTexture name="green0004" x="309" y="818" width="155" height="153" frameX="2" frameY="2" frameWidth="156" frameHeight="149"/>
	<SubTexture name="green0005" x="309" y="818" width="155" height="153" frameX="2" frameY="2" frameWidth="156" frameHeight="149"/>
	<SubTexture name="green0006" x="309" y="818" width="155" height="153" frameX="2" frameY="2" frameWidth="156" frameHeight="149"/>
	<SubTexture name="green0007" x="508" y="631" width="157" height="152" frameX="2" frameY="2" frameWidth="156" frameHeight="149"/>
	<SubTexture name="green0008" x="508" y="631" width="157" height="152" frameX="2" frameY="2" frameWidth="156" frameHeight="149"/>
	<SubTexture name="green0009" x="508" y="631" width="157" height="152" frameX="2" frameY="2" frameWidth="156" frameHeight="149"/>
	<SubTexture name="green0010" x="508" y="631" width="157" height="152" frameX="2" frameY="2" frameWidth="156" frameHeight="149"/>
	<SubTexture name="green hold end0000" x="1266" y="1052" width="72" height="57" frameX="2" frameY="2" frameWidth="68" frameHeight="53"/>
	<SubTexture name="green hold piece0000" x="916" y="740" width="72" height="48" frameX="2" frameY="2" frameWidth="68" frameHeight="44"/>
	<SubTexture name="left confirm0000" x="217" y="0" width="224" height="226" frameX="-17" frameY="-9" frameWidth="264" frameHeight="248"/>
	<SubTexture name="left confirm0001" x="0" y="260" width="238" height="183" frameX="-11" frameY="-31" frameWidth="264" frameHeight="248"/>
	<SubTexture name="left confirm0002" x="224" y="443" width="214" height="182" frameX="-23" frameY="-31" frameWidth="264" frameHeight="248"/>
	<SubTexture name="left press0000" x="1194" y="859" width="132" height="136" frameX="-3" frameY="-3" frameWidth="143" frameHeight="141"/>
	<SubTexture name="left press0001" x="1194" y="299" width="147" height="144" frameX="2" frameY="1" frameWidth="143" frameHeight="141"/>
	<SubTexture name="purple0000" x="1041" y="464" width="152" height="155" frameX="2" frameY="2" frameWidth="156" frameHeight="155"/>
	<SubTexture name="purple0001" x="1041" y="464" width="152" height="155" frameX="2" frameY="2" frameWidth="156" frameHeight="155"/>
	<SubTexture name="purple0002" x="1041" y="464" width="152" height="155" frameX="2" frameY="2" frameWidth="156" frameHeight="155"/>
	<SubTexture name="purple0003" x="1041" y="464" width="152" height="155" frameX="2" frameY="2" frameWidth="156" frameHeight="155"/>
	<SubTexture name="purple0004" x="1041" y="309" width="152" height="155" frameX="2" frameY="-2" frameWidth="156" frameHeight="155"/>
	<SubTexture name="purple0005" x="1041" y="309" width="152" height="155" frameX="2" frameY="-2" frameWidth="156" frameHeight="155"/>
	<SubTexture name="purple0006" x="1041" y="309" width="152" height="155" frameX="2" frameY="-2" frameWidth="156" frameHeight="155"/>
	<SubTexture name="purple0007" x="1041" y="309" width="152" height="155" frameX="2" frameY="-2" frameWidth="156" frameHeight="155"/>
	<SubTexture name="purple0008" x="844" y="535" width="160" height="157" frameX="2" frameY="1" frameWidth="156" frameHeight="155"/>
	<SubTexture name="purple0009" x="844" y="535" width="160" height="157" frameX="2" frameY="1" frameWidth="156" frameHeight="155"/>
	<SubTexture name="purple0010" x="844" y="535" width="160" height="157" frameX="2" frameY="1" frameWidth="156" frameHeight="155"/>
	<SubTexture name="purple0011" x="844" y="535" width="160" height="157" frameX="2" frameY="1" frameWidth="156" frameHeight="155"/>
	<SubTexture name="purple hold end0000" x="1194" y="995" width="72" height="57" frameX="2" frameY="2" frameWidth="68" frameHeight="53"/>
	<SubTexture name="purple hold piece0000" x="916" y="692" width="72" height="48" frameX="2" frameY="2" frameWidth="68" frameHeight="44"/>
	<SubTexture name="red0000" x="1041" y="775" width="151" height="156" frameX="2" frameY="0" frameWidth="151" frameHeight="154"/>
	<SubTexture name="red0001" x="1041" y="775" width="151" height="156" frameX="2" frameY="0" frameWidth="151" frameHeight="154"/>
	<SubTexture name="red0002" x="1041" y="775" width="151" height="156" frameX="2" frameY="0" frameWidth="151" frameHeight="154"/>
	<SubTexture name="red0003" x="1041" y="775" width="151" height="156" frameX="2" frameY="0" frameWidth="151" frameHeight="154"/>
	<SubTexture name="red0004" x="0" y="818" width="154" height="154" frameX="1" frameY="1" frameWidth="151" frameHeight="154"/>
	<SubTexture name="red0005" x="0" y="818" width="154" height="154" frameX="1" frameY="1" frameWidth="151" frameHeight="154"/>
	<SubTexture name="red0006" x="0" y="818" width="154" height="154" frameX="1" frameY="1" frameWidth="151" frameHeight="154"/>
	<SubTexture name="red0007" x="0" y="818" width="154" height="154" frameX="1" frameY="1" frameWidth="151" frameHeight="154"/>
	<SubTexture name="red0008" x="355" y="631" width="153" height="157" frameX="2" frameY="2" frameWidth="151" frameHeight="154"/>
	<SubTexture name="red0009" x="355" y="631" width="153" height="157" frameX="2" frameY="2" frameWidth="151" frameHeight="154"/>
	<SubTexture name="red0010" x="355" y="631" width="153" height="157" frameX="2" frameY="2" frameWidth="151" frameHeight="154"/>
	<SubTexture name="red0011" x="355" y="631" width="153" height="157" frameX="2" frameY="2" frameWidth="151" frameHeight="154"/>
	<SubTexture name="red hold end0000" x="1194" y="1052" width="72" height="57" frameX="2" frameY="2" frameWidth="68" frameHeight="53"/>
	<SubTexture name="red hold piece0000" x="844" y="740" width="72" height="48" frameX="2" frameY="2" frameWidth="68" frameHeight="44"/>
	<SubTexture name="right confirm0000" x="441" y="0" width="209" height="212" frameX="-6" frameY="-6" frameWidth="224" frameHeight="228"/>
	<SubTexture name="right confirm0001" x="0" y="631" width="202" height="187" frameX="-9" frameY="-19" frameWidth="224" frameHeight="228"/>
	<SubTexture name="right confirm0002" x="844" y="188" width="169" height="190" frameX="-25" frameY="-17" frameWidth="224" frameHeight="228"/>
	<SubTexture name="right press0000" x="1194" y="723" width="137" height="136" frameX="-3" frameY="-3" frameWidth="143" frameHeight="141"/>
	<SubTexture name="right press0001" x="1194" y="155" width="147" height="144" frameX="2" frameY="1" frameWidth="143" frameHeight="141"/>
	<SubTexture name="up confirm0000" x="650" y="0" width="194" height="215" frameX="-31" frameY="-3" frameWidth="260" frameHeight="226"/>
	<SubTexture name="up confirm0001" x="238" y="260" width="227" height="183" frameX="-14" frameY="-19" frameWidth="260" frameHeight="226"/>
	<SubTexture name="up confirm0002" x="650" y="215" width="190" height="198" frameX="-33" frameY="-12" frameWidth="260" frameHeight="226"/>
	<SubTexture name="up press0000" x="312" y="972" width="136" height="132" frameX="-3" frameY="-3" frameWidth="141" frameHeight="143"/>
	<SubTexture name="up press0001" x="1194" y="443" width="145" height="140" frameX="2" frameY="1" frameWidth="141" frameHeight="143"/>
</TextureAtlas>