{
	"animations": [
		{
			"loop": false,
			"offsets": [
				78,
				-5
			],
			"anim": "singLEFTmiss",
			"fps": 24,
			"name": "ml",
			"indices": []
		},
		{
			"loop": false,
			"offsets": [
				-45,
				-1
			],
			"anim": "singRIGHTmiss",
			"fps": 24,
			"name": "mr",
			"indices": []
		},
		{
			"loop": false,
			"offsets": [
				30,
				-42
			],
			"anim": "singDOWNmiss",
			"fps": 24,
			"name": "md",
			"indices": []
		},
		{
			"loop": false,
			"offsets": [
				21,
				57
			],
			"anim": "singUPmiss",
			"fps": 24,
			"name": "mu",
			"indices": []
		},
		{
			"offsets": [
				65,
				-1
			],
			"loop": false,
			"fps": 24,
			"anim": "singLEFT",
			"indices": [],
			"name": "left"
		},
		{
			"offsets": [
				20,
				-41
			],
			"loop": false,
			"fps": 24,
			"anim": "singDOWN",
			"indices": [],
			"name": "down"
		},
		{
			"offsets": [
				23,
				59
			],
			"loop": false,
			"fps": 24,
			"anim": "singUP",
			"indices": [],
			"name": "up"
		},
		{
			"offsets": [
				-47,
				-9
			],
			"loop": false,
			"fps": 24,
			"anim": "singRIGHT",
			"indices": [],
			"name": "right"
		},
		{
			"offsets": [
				-47,
				-9
			],
			"loop": false,
			"fps": 24,
			"anim": "singRIGHT-alt",
			"indices": [],
			"name": "bend"
		},
		{
			"offsets": [
				23,
				59
			],
			"loop": false,
			"fps": 24,
			"anim": "singUP-alt",
			"indices": [],
			"name": "toes"
		},
		{
			"offsets": [
				20,
				-41
			],
			"loop": false,
			"fps": 24,
			"anim": "singDOWN-alt",
			"indices": [],
			"name": "crouch"
		},
		{
			"offsets": [
				65,
				-1
			],
			"loop": false,
			"fps": 24,
			"anim": "singLEFT-alt",
			"indices": [],
			"name": "lean"
		},
		{
			"loop": false,
			"offsets": [
				336,
				-225
			],
			"anim": "sleep",
			"fps": 24,
			"name": "shleep",
			"indices": []
		},
		{
			"loop": true,
			"offsets": [
				-3,
				0
			],
			"anim": "idle-loop",
			"fps": 24,
			"name": "loop",
			"indices": []
		},
		{
			"loop": false,
			"offsets": [
				0,
				0
			],
			"anim": "idle",
			"fps": 24,
			"name": "bounce",
			"indices": []
		},
		{
			"loop": false,
			"offsets": [
				0,
				0
			],
			"anim": "idle-reg",
			"fps": 24,
			"name": "idle",
			"indices": []
		}
	],
	"vocals_file": "",
	"no_antialiasing": false,
	"image": "characters/babybf",
	"position": [
		100,
		410
	],
	"healthicon": "bbbf",
	"flip_x": true,
	"healthbar_colors": [
		103,
		219,
		248
	],
	"camera_position": [
		180,
		-110
	],
	"sing_duration": 4,
	"scale": 2,
	"_editor_isPlayer": true
}