{
	"animations": [
		{
			"loop": false,
			"offsets": [
				53,
				-10
			],
			"anim": "singLEFT",
			"fps": 24,
			"name": "left",
			"indices": []
		},
		{
			"loop": false,
			"offsets": [
				40,
				-36
			],
			"anim": "singDOWN",
			"fps": 24,
			"name": "down",
			"indices": []
		},
		{
			"loop": false,
			"offsets": [
				1,
				53
			],
			"anim": "singUP",
			"fps": 24,
			"name": "up",
			"indices": []
		},
		{
			"loop": false,
			"offsets": [
				-63,
				-7
			],
			"anim": "singRIGHT",
			"fps": 24,
			"name": "right",
			"indices": []
		},
		{
			"loop": false,
			"offsets": [
				53,
				-10
			],
			"anim": "singLEFT-alt",
			"fps": 24,
			"name": "lean",
			"indices": []
		},
		{
			"loop": false,
			"offsets": [
				40,
				-36
			],
			"anim": "singDOWN-alt",
			"fps": 24,
			"name": "crouch",
			"indices": []
		},
		{
			"loop": false,
			"offsets": [
				1,
				53
			],
			"anim": "singUP-alt",
			"fps": 24,
			"name": "toes",
			"indices": []
		},
		{
			"loop": false,
			"offsets": [
				-63,
				-7
			],
			"anim": "singRIGHT-alt",
			"fps": 24,
			"name": "bend",
			"indices": []
		},
		{
			"loop": false,
			"offsets": [
				19,
				1
			],
			"anim": "laugh",
			"fps": 24,
			"name": "lauh",
			"indices": []
		},
		{
			"loop": false,
			"offsets": [
				0,
				0
			],
			"anim": "idle",
			"fps": 24,
			"name": "bounce",
			"indices": []
		},
		{
			"loop": true,
			"offsets": [
				0,
				0
			],
			"anim": "idle-loop",
			"fps": 24,
			"name": "loop",
			"indices": []
		},
		{
			"loop": false,
			"offsets": [
				0,
				0
			],
			"anim": "idle-reg",
			"fps": 24,
			"name": "idle",
			"indices": []
		}
	],
	"vocals_file": "",
	"no_antialiasing": false,
	"image": "characters/babypico",
	"position": [
		110,
		380
	],
	"healthicon": "bbpico",
	"flip_x": false,
	"healthbar_colors": [
		73,
		253,
		133
	],
	"camera_position": [
		-140,
		-100
	],
	"sing_duration": 4,
	"scale": 2,
	"_editor_isPlayer": false
}