{
	"animations": [
		{
			"loop": false,
			"offsets": [
				0,
				-9
			],
			"anim": "danceLeft",
			"fps": 24,
			"name": "idle",
			"indices": [
				10,
				11,
				12,
				13,
				14,
				15,
				16,
				17,
				18,
				19
			]
		},
		{
			"loop": false,
			"offsets": [
				0,
				-9
			],
			"anim": "danceRight",
			"fps": 24,
			"name": "idle",
			"indices": [
				0,
				1,
				2,
				3,
				4,
				5,
				6,
				7,
				8,
				9
			]
		},
		{
			"offsets": [
				0,
				0
			],
			"indices": [],
			"fps": 24,
			"anim": "",
			"loop": false,
			"name": ""
		}
	],
	"vocals_file": "",
	"no_antialiasing": false,
	"image": "characters/babygf",
	"position": [
		370,
		320
	],
	"healthicon": "gf",
	"flip_x": false,
	"healthbar_colors": [
		165,
		0,
		77
	],
	"camera_position": [
		0,
		0
	],
	"sing_duration": 4,
	"scale": 1,
	"_editor_isPlayer": false
}